book_id,title,author,isbn,genre,publisher,year_published,total_copies
320,Balanced asynchronous ability,Stephen Carpenter,978-1-04-938222-7,Thriller,"Campbell, Yang and Fuller",2018,15.0
25,Persistent attitude-oriented adapter,Jon Aguilar,978-1-60045-090-7,Science Fiction,Long LLC,2023,12.0
318,Seamless client-server moratorium,Jennifer Le,978-0-9739618-7-4,Thriller,Simon-Anderson,2021,16.0
494,User-centric secondary Graphical User Interface,Erin Johnson,978-0-8402-2076-9,Thriller,Simon-Anderson,2015,17.0
162,Optimized zero tolerance emulation,Patrick Dickerson,978-1-76114-846-0,Business,Baker-Smith,2008,19.0
463,Synchronized encompassing neural-net,James Atkinson,978-1-4068-1841-3,Romance,"Anderson, Potter and Green",2024,20.0
458,Profound executive Graphic Interface,Jared Carpenter,978-0-12-314986-2,Psychology,Morgan Inc,1997,11.0
495,Centralized cohesive framework,Lauren Washington,978-1-332-26314-1,Mystery,Brock-Edwards,2017,19.0
227,Vision-oriented needs-based matrix,Tammy Strickland,978-1-4275-4239-7,Self-Help,"Lyons, Ashley and Thomas",2004,16.0
114,Switchable responsive groupware,Cynthia Hughes,978-0-221-79055-3,Horror,"Anderson, Potter and Green",2004,16.0
223,Ameliorated fresh-thinking system engine,Kevin Cooper,978-1-83803-717-8,Fantasy,Long LLC,2020,
431,Proactive background forecast,Robert Oneill,978-0-370-82183-2,Business,Cohen LLC,1997,
56,Multi-lateral intermediate analyzer,Jessica Williams,978-1-60827-366-9,Psychology,"Watson, Cole and Lee",2005,16.0
336,Customer-focused multi-tasking paradigm,Jack Wilson,978-1-945922-96-1,Psychology,"Beck, Matthews and Sims",2010,16.0
209,Integrated contextually-based archive,Tanner Rhodes,978-0-531-15878-4,Self-Help,"Lyons, Ashley and Thomas",2011,7.0
384,Team-oriented didactic contingency,Kristen Coleman,978-0-599-29033-4,Thriller,Morgan Inc,2015,14.0
24,Reduced cohesive focus group,Bradley Robertson,978-0-662-87400-3,Science Fiction,Fowler Ltd,2023,9.0
116,Monitored full-range synergy,Shaun Bell,978-1-57175-626-8,Romance,Castro-Torres,2006,17.0
43,Inverse mission-critical matrix,Christine Hall,978-0-04-536136-6,Romance,"Anderson, Potter and Green",1998,
66,Ergonomic content-based neural-net,Kevin Bowman,978-1-5027-2234-8,Psychology,Gonzalez-Grant,2014,16.0
359,Extended zero tolerance structure,Alyssa Newman,978-0-545-01983-5,Young Adult,"Watson, Cole and Lee",2021,10.0
337,Robust static functionalities,Stephanie Kelly,978-1-190-52829-1,Fantasy,Long LLC,2002,5.0
323,Operative methodical algorithm,Anthony Jordan,978-0-597-95385-9,Historical Fiction,Robertson PLC,2013,7.0
500,Vision-oriented optimal support,Gary Hall,978-0-7531-7720-4,Business,Gonzalez-Grant,2012,7.0
259,Managed disintermediate migration,Alexis Mckay,978-1-56708-268-5,Business,"Campbell, Yang and Fuller",2003,11.0
421,Reverse-engineered empowering projection,Steve Collins,978-1-249-96759-0,Young Adult,Castro-Torres,2000,7.0
311,Decentralized eco-centric installation,Tonya Harper,978-1-5070-1897-2,Mystery,Brock-Edwards,1997,5.0
287,Robust attitude-oriented policy,David Harper,978-0-595-67606-4,Science Fiction,"Gonzalez, Johnson and Phillips",2015,14.0
241,Seamless bifurcated ability,Angela Anderson,978-1-232-25389-1,Horror,Castro-Torres,2025,12.0
39,Open-source needs-based customer loyalty,William Smith,978-1-72762-086-3,Historical Fiction,"Anderson, Potter and Green",2007,9.0
297,Universal object-oriented process improvement,Jesse Velez,978-0-12-988613-6,Historical Fiction,"Beck, Matthews and Sims",2004,9.0
449,Sharable 24hour groupware,Tiffany Miller,978-1-68716-205-2,Mystery,Yoder-Bowman,2013,
226,Open-source real-time hub,Maria Griffin,978-1-182-79034-7,Biography,"Lyons, Ashley and Thomas",2010,
424,Reduced asynchronous collaboration,Jennifer Taylor,978-0-07-409435-8,Mystery,"Ward, Levy and Weiss",2002,20.0
84,Inverse client-driven matrix,Melissa Berry,978-1-244-86399-6,Psychology,"Watson, Cole and Lee",2002,8.0
165,Multi-lateral demand-driven software,William Huang,978-1-85703-360-1,Young Adult,"Ward, Levy and Weiss",2004,9.0
308,Customizable interactive array,Edward Golden,978-1-226-20854-8,Thriller,Fowler Ltd,2008,4.0
302,Diverse systematic implementation,Kristen Krause,978-0-485-72554-4,Business,"Robinson, Wright and Gonzalez",2016,10.0
291,Managed mobile access,Jeffery Morales,978-0-513-16617-2,Self-Help,Simon-Anderson,2010,11.0
215,Fundamental modular extranet,Kimberly Anderson,978-1-341-68217-9,Mystery,"Ibarra, Chase and Harris",2015,17.0
94,Up-sized analyzing secured line,Gregory Cruz,978-1-917340-02-1,Mystery,Fowler Ltd,2004,7.0
60,Profound asymmetric solution,Connie Hill,978-0-410-81715-3,Thriller,Morgan Inc,2006,5.0
35,Implemented 4thgeneration data-warehouse,Rita Bright,978-1-65405-025-2,Young Adult,Gonzalez-Grant,2011,
354,Grass-roots human-resource standardization,Michael Snow,978-1-57034-186-1,Young Adult,"Ibarra, Chase and Harris",1997,6.0
361,Object-based intermediate standardization,Bryan Jones,978-0-337-59714-5,Horror,"Watson, Cole and Lee",2017,11.0
411,Organic content-based hierarchy,Ashley Reyes,978-1-01-314603-9,Horror,Brock-Edwards,2024,17.0
349,Integrated next generation workforce,Erica Cruz,978-0-505-54323-3,Historical Fiction,"Ward, Levy and Weiss",2018,12.0
417,Profit-focused context-sensitive middleware,Kristin Long,978-1-359-99134-8,Psychology,Anderson-Fitzpatrick,1996,8.0
236,Secured asynchronous challenge,Samuel Perez,978-1-61482-582-1,Romance,Robertson PLC,2009,11.0
315,Open-source motivating pricing structure,Lisa Robinson,978-1-67747-744-9,Biography,"Gonzalez, Johnson and Phillips",2007,16.0
53,Implemented tertiary hierarchy,Jesse Peterson,978-1-907142-24-6,Self-Help,"Watson, Cole and Lee",2011,9.0
13,Synergistic attitude-oriented Graphic Interface,Michael Romero,978-1-942901-94-5,Business,Robertson PLC,2017,
175,Re-engineered full-range superstructure,Brian Hernandez,978-1-9824-9041-6,Mystery,Baker-Smith,2001,7.0
455,Compatible non-volatile model,Stephen Davis,978-1-86785-347-3,Psychology,Simon-Anderson,1997,11.0
498,Customizable dedicated methodology,Kenneth Smith,978-1-67197-792-1,Self-Help,"Gonzalez, Johnson and Phillips",2018,8.0
425,Up-sized user-facing challenge,Vincent Lewis,978-1-334-31251-9,Mystery,Castro-Torres,2002,12.0
118,Managed disintermediate hierarchy,Dale Myers,978-0-321-24724-7,Self-Help,Simon-Anderson,2018,17.0
200,Innovative zero tolerance complexity,Whitney Robinson,978-0-615-14697-3,Horror,"Anderson, Potter and Green",1997,6.0
293,User-centric contextually-based concept,Robert Sexton,978-0-363-77796-2,Thriller,Cohen LLC,2001,
183,Cross-group human-resource parallelism,Anthony King,978-0-906623-36-7,Psychology,"Gonzalez, Johnson and Phillips",2010,5.0
459,Cross-group mobile concept,Matthew Taylor,978-0-592-16438-0,Mystery,"Mcgrath, Ellis and Villarreal",2004,20.0
403,Business-focused intangible neural-net,Willie Gonzales,978-1-80399-100-9,Horror,"Lyons, Ashley and Thomas",2017,18.0
489,Front-line reciprocal approach,Sean Cervantes,978-1-58815-667-9,Fantasy,Gonzalez-Grant,2018,16.0
11,Innovative systematic neural-net,Heather Beck,978-1-62367-346-8,Self-Help,"Watson, Cole and Lee",1996,11.0
129,Compatible leadingedge neural-net,Jacob Ellis,978-0-478-34018-1,Psychology,"Lyons, Ashley and Thomas",2021,13.0
229,Organized interactive challenge,Stephanie Robbins,978-0-373-82764-0,Science Fiction,"Watson, Cole and Lee",2005,13.0
210,Enterprise-wide bottom-line paradigm,Anthony Baker,978-1-158-51995-8,Self-Help,Morgan Inc,2016,13.0
125,Business-focused homogeneous support,Scott Jones,978-1-03-870229-6,Fantasy,Baker-Smith,1997,17.0
122,Progressive systematic task-force,Charles Cook,978-0-7427-7394-3,Self-Help,"Lyons, Ashley and Thomas",2020,18.0
382,Extended static toolset,Patricia Sweeney,978-0-7568-8251-8,Self-Help,Simon-Anderson,1997,17.0
221,User-friendly fault-tolerant interface,Daniel Walsh,978-0-652-63365-8,Thriller,Morgan Inc,2012,16.0
166,Ameliorated empowering Local Area Network,Jeffrey Gonzales,978-1-956341-39-3,Romance,Morgan Inc,2015,12.0
303,Automated attitude-oriented service-desk,Jacqueline Thomas,978-0-16-472355-7,Thriller,"Watson, Cole and Lee",1999,5.0
481,Function-based tangible emulation,Harry Dorsey,978-1-168-08419-4,Biography,"Anderson, Potter and Green",2012,9.0
420,Ergonomic directional initiative,Teresa Hale,978-0-17-043049-4,Self-Help,"Anderson, Potter and Green",2015,17.0
388,Future-proofed responsive superstructure,Robert Christian,978-0-87842-885-4,Science Fiction,"Ward, Levy and Weiss",2012,17.0
254,Synergized grid-enabled concept,Donald Gomez,978-1-233-57065-2,Business,"Beck, Matthews and Sims",1998,18.0
237,Self-enabling reciprocal knowledgebase,Joshua Bailey,978-0-04-806922-1,Historical Fiction,Donaldson-Garrison,2018,9.0
113,Multi-channeled coherent middleware,Laura Shah,978-0-9955652-0-3,Self-Help,Donaldson-Garrison,2002,8.0
67,Persevering 24hour extranet,April Curry,978-1-139-03497-5,Romance,"Ward, Levy and Weiss",2012,5.0
327,Seamless foreground extranet,William Hancock,978-0-8142-7273-2,Historical Fiction,Donaldson-Garrison,1998,8.0
212,Centralized analyzing approach,Amy Crawford,978-1-230-50671-5,Horror,"Ward, Levy and Weiss",2017,6.0
211,Phased content-based interface,Michelle Mcpherson,978-1-891931-19-2,Thriller,Brock-Edwards,2021,11.0
46,Centralized grid-enabled service-desk,Dr. Hector Evans,978-1-68838-390-6,Biography,"Campbell, Yang and Fuller",2006,7.0
185,Balanced global emulation,Austin Hill,978-1-80489-863-5,Young Adult,"Ibarra, Chase and Harris",1999,15.0
274,Open-source 24/7 orchestration,Catherine Russell,978-0-08-127784-3,Historical Fiction,Robertson PLC,2004,4.0
412,Horizontal 6thgeneration attitude,Manuel Hernandez,978-0-625-45870-7,Psychology,Anderson-Fitzpatrick,2009,
265,Front-line actuating infrastructure,Matthew Spencer,978-1-74187-593-5,Business,"Ward, Levy and Weiss",2003,4.0
131,Profit-focused systematic protocol,Amy Vaughn,978-1-308-89167-5,Mystery,Robertson PLC,2015,20.0
196,Seamless upward-trending budgetary management,Robert Welch,978-1-03-012311-2,Historical Fiction,"Beck, Matthews and Sims",2016,19.0
446,Self-enabling mission-critical process improvement,Kristen Cox,978-0-7363-9247-1,Historical Fiction,"Ibarra, Chase and Harris",1997,13.0
203,Optional optimizing archive,Jane Oneill,978-0-450-31878-8,Biography,"Gonzalez, Johnson and Phillips",1997,20.0
121,Adaptive discrete hardware,Jessica Johnson,978-0-459-49050-8,Historical Fiction,Donaldson-Garrison,2010,9.0
442,Enhanced bandwidth-monitored functionalities,Susan Kelly,978-1-80507-163-1,Psychology,Donaldson-Garrison,2020,17.0
496,User-friendly contextually-based productivity,Donald Graham,978-1-63076-306-0,Young Adult,Robertson PLC,2016,17.0
86,Centralized bandwidth-monitored forecast,Joshua Davis,978-1-213-79929-5,Fantasy,Gonzalez-Grant,2016,9.0
20,Diverse homogeneous middleware,Sean Moss,978-1-55978-303-3,Biography,"Ward, Levy and Weiss",2018,15.0
466,Reduced tangible database,Matthew Ramsey,978-0-539-37971-6,Young Adult,Robertson PLC,2000,11.0
91,Self-enabling zero tolerance productivity,Misty Wright,978-1-343-53273-1,Psychology,Baker-Smith,1998,
408,Profound background pricing structure,Daniel Sanchez,978-0-565-50837-1,Horror,Fowler Ltd,1996,9.0
348,Stand-alone hybrid contingency,Mr. Troy Clark PhD,978-0-296-91840-1,Business,Long LLC,2001,9.0
191,Cross-platform interactive extranet,Robert Roberson,978-1-274-21846-9,Business,Brock-Edwards,2008,15.0
16,Cross-platform scalable contingency,Trevor Gill,978-1-71115-801-3,Self-Help,Fowler Ltd,2000,20.0
273,Grass-roots context-sensitive product,Jermaine York,978-0-359-17024-1,Biography,"Ward, Levy and Weiss",2010,7.0
402,Digitized bifurcated function,Joel Hamilton,978-0-916231-63-7,Horror,"Anderson, Potter and Green",2012,10.0
18,Down-sized bottom-line budgetary management,Christian Miller,978-0-287-25393-1,Romance,Donaldson-Garrison,1997,15.0
77,Multi-channeled logistical info-mediaries,Christine West,978-0-627-77493-5,Psychology,"Mcgrath, Ellis and Villarreal",2010,4.0
284,Business-focused uniform artificial intelligence,Ryan Coleman,978-0-310-34168-0,Biography,Brock-Edwards,2024,
22,Robust analyzing concept,Denise Lee,978-0-00-578880-6,Historical Fiction,Gonzalez-Grant,1997,14.0
206,Automated content-based throughput,Michael Garcia,978-1-65072-986-2,Fantasy,Brock-Edwards,2006,14.0
6,Polarized reciprocal migration,John Nelson,978-0-13-487655-9,Mystery,Simon-Anderson,2002,18.0
194,Multi-channeled mobile policy,Desiree Peterson DDS,978-0-402-20484-8,Psychology,"Mcgrath, Ellis and Villarreal",2003,7.0
157,Compatible 4thgeneration function,Tasha Jacobs,978-1-68910-923-9,Science Fiction,Long LLC,2023,11.0
34,Switchable motivating hardware,Michelle Frye,978-1-101-96660-0,Romance,"Anderson, Potter and Green",2013,
57,Function-based disintermediate contingency,Michael Cordova,978-0-7434-5466-7,Mystery,"Robinson, Wright and Gonzalez",2008,7.0
222,Polarized 6thgeneration solution,Debra Smith,978-0-349-88161-4,Young Adult,Brock-Edwards,2012,12.0
247,Realigned reciprocal architecture,Melissa Wright,978-0-397-31313-6,Mystery,"Anderson, Potter and Green",2007,
358,Organized optimizing methodology,Matthew Clarke,978-0-489-25034-9,Thriller,Brock-Edwards,2000,17.0
248,Down-sized encompassing projection,Crystal Gordon,978-1-361-62895-9,Biography,Castro-Torres,2003,12.0
59,Reverse-engineered non-volatile orchestration,Angela Morales,978-0-618-36821-1,Biography,Yoder-Bowman,2007,12.0
47,Cloned discrete moderator,Ashley Wood,978-0-17-713143-1,Thriller,Anderson-Fitzpatrick,2005,15.0
146,Front-line client-server protocol,Christine Howard,978-0-87048-218-2,Self-Help,Donaldson-Garrison,1996,18.0
150,Programmable explicit focus group,Katherine Cherry,978-1-897748-28-2,Science Fiction,Robertson PLC,2015,8.0
133,Profit-focused modular attitude,Samantha Henderson,978-1-370-22293-3,Mystery,Long LLC,1996,17.0
69,De-engineered cohesive application,Bob Velazquez,978-1-897321-92-8,Biography,Donaldson-Garrison,2022,12.0
286,Balanced multi-tasking support,Daniel Dodson,978-1-86330-247-0,Self-Help,"Anderson, Potter and Green",2023,9.0
313,Customer-focused multi-tasking Local Area Network,Ashlee Rogers,978-1-208-24306-2,Science Fiction,"Ward, Levy and Weiss",2017,9.0
202,Focused even-keeled middleware,Richard Hall,978-1-5172-0446-4,Thriller,Gonzalez-Grant,2010,18.0
334,Decentralized incremental hub,Daniel Shaw,978-0-15-045421-2,Mystery,Yoder-Bowman,1996,17.0
433,Triple-buffered asymmetric concept,Shelley Goodman,978-0-7208-0112-5,Self-Help,Long LLC,2024,5.0
244,Monitored heuristic projection,Elizabeth Farmer,978-0-10-623101-0,Romance,Robertson PLC,2010,15.0
342,Stand-alone static hub,Courtney Grant,978-0-415-95615-4,Mystery,Baker-Smith,2008,20.0
400,Seamless system-worthy parallelism,Mrs. Stephanie Jones,978-0-476-84606-7,Business,"Lyons, Ashley and Thomas",2003,14.0
387,Secured value-added website,Nicole Todd,978-0-7774-5238-7,Romance,Baker-Smith,2014,17.0
74,Integrated holistic alliance,Adam Jarvis,978-0-400-37171-9,Horror,"Lyons, Ashley and Thomas",2012,15.0
29,Public-key context-sensitive database,Ashley Williams,978-0-204-75032-1,Biography,Donaldson-Garrison,2008,11.0
188,Total object-oriented Local Area Network,Jacqueline Shah,978-1-380-83472-0,Historical Fiction,"Anderson, Potter and Green",2013,16.0
309,Self-enabling content-based Local Area Network,Janet Gomez,978-1-75431-867-2,Psychology,Gonzalez-Grant,2015,8.0
413,Phased foreground Local Area Network,Erika Morrison,978-1-172-56731-7,Biography,Simon-Anderson,2008,10.0
214,Centralized methodical flexibility,Robert Krause,978-1-74848-459-8,Business,Gonzalez-Grant,2019,6.0
15,Triple-buffered bottom-line implementation,Andrew Wiley,978-0-9931663-3-4,Mystery,"Anderson, Potter and Green",1997,19.0
289,Profit-focused needs-based open architecture,Heather Anderson,978-1-873443-59-0,Psychology,"Ibarra, Chase and Harris",2025,7.0
252,Proactive web-enabled solution,Brenda Wilson,978-1-75222-029-8,Romance,Fowler Ltd,2001,6.0
432,Reverse-engineered transitional synergy,Taylor Soto,978-0-9571552-8-2,Romance,Donaldson-Garrison,1998,12.0
341,Programmable dynamic policy,Jon Clark,978-1-963802-95-5,Psychology,"Ibarra, Chase and Harris",2018,17.0
444,Synchronized 6thgeneration access,Brittany King,978-1-251-99558-1,Mystery,"Mcgrath, Ellis and Villarreal",2005,19.0
182,Stand-alone zero tolerance interface,Randall Garcia,978-1-75738-495-7,Biography,"Ward, Levy and Weiss",2025,5.0
83,Up-sized mission-critical superstructure,Jeffrey Adams,978-1-121-00673-7,Fantasy,"Robinson, Wright and Gonzalez",2022,7.0
460,Decentralized content-based focus group,Robin Reed,978-1-86351-754-6,Young Adult,Robertson PLC,2021,10.0
272,Versatile well-modulated paradigm,Melinda Ochoa,978-0-547-16351-2,Horror,Robertson PLC,2025,11.0
158,Switchable responsive utilization,Phillip Weeks,978-0-7597-2066-4,Romance,Morgan Inc,2009,13.0
497,Self-enabling homogeneous methodology,Christopher Kramer,978-0-8315-5586-3,Science Fiction,Long LLC,2008,7.0
405,Cross-group bi-directional interface,Laurie Brown,978-1-285-48258-3,Young Adult,"Campbell, Yang and Fuller",2000,6.0
142,Optimized real-time core,Emily Butler,978-1-80374-300-4,Psychology,Donaldson-Garrison,2006,9.0
288,Cross-group holistic extranet,Donald Foster,978-0-89689-970-4,Science Fiction,Baker-Smith,2020,9.0
397,Public-key bifurcated benchmark,Henry Jackson,978-0-86624-100-7,Mystery,Long LLC,2003,20.0
322,Multi-lateral scalable model,Taylor Munoz,978-0-12-371507-4,Biography,"Ibarra, Chase and Harris",2002,10.0
343,Sharable disintermediate focus group,Ryan Camacho,978-1-334-61122-3,Biography,Simon-Anderson,2016,13.0
240,Adaptive directional policy,Robert Cameron,978-0-349-12249-6,Mystery,"Beck, Matthews and Sims",1999,15.0
96,Team-oriented systematic archive,Paul Davis,978-0-690-45712-4,Young Adult,"Ibarra, Chase and Harris",1997,12.0
332,Configurable holistic process improvement,Amy Tran,978-0-18-555080-4,Business,"Anderson, Potter and Green",2022,11.0
145,User-centric high-level utilization,Tim Short,978-1-881060-31-4,Psychology,"Mcgrath, Ellis and Villarreal",2012,12.0
50,Up-sized 5thgeneration archive,Cassandra Smith,978-0-8212-5749-4,Business,Anderson-Fitzpatrick,2019,18.0
317,Open-source 24hour approach,Raymond Osborn,978-0-364-21761-0,Fantasy,Robertson PLC,2005,13.0
19,Progressive radical attitude,David Hensley,978-1-4816-5997-0,Young Adult,Baker-Smith,1998,6.0
464,Persistent even-keeled success,Mark Brewer,978-0-7394-7085-5,Historical Fiction,Morgan Inc,2016,12.0
478,Virtual 5thgeneration circuit,Colleen Castro,978-0-215-35731-1,Business,"Campbell, Yang and Fuller",2012,6.0
123,Open-source high-level challenge,Jennifer Pope,978-0-468-68088-4,Biography,Anderson-Fitzpatrick,2005,
31,Cross-platform maximized Graphical User Interface,Michael Hunt,978-1-4770-3583-2,Self-Help,"Ward, Levy and Weiss",2006,11.0
54,Configurable high-level function,Shawn Wright,978-1-81417-392-0,Psychology,Baker-Smith,2025,16.0
422,Open-source responsive matrices,Justin Stephenson,978-0-7777-1422-5,Psychology,"Beck, Matthews and Sims",1998,4.0
393,Upgradable system-worthy focus group,Tammy Garcia,978-0-11-527428-2,Psychology,"Ward, Levy and Weiss",2023,16.0
314,User-centric homogeneous middleware,Robert Morales,978-1-76350-512-4,Thriller,Long LLC,2008,5.0
271,Automated mobile Graphic Interface,Rick Blair,978-0-240-22790-0,Historical Fiction,Brock-Edwards,2015,16.0
305,Visionary incremental project,Mr. Mark Rodriguez,978-0-19-857213-8,Biography,"Anderson, Potter and Green",2012,
347,Multi-layered methodical open architecture,Mary Fisher,978-0-04-938893-2,Self-Help,"Ward, Levy and Weiss",2002,9.0
426,Expanded real-time Internet solution,Robert Phillips,978-0-18-585649-4,Historical Fiction,"Mcgrath, Ellis and Villarreal",2001,7.0
30,Object-based scalable strategy,Brenda Mcconnell,978-0-924580-50-5,Fantasy,Simon-Anderson,2010,6.0
471,Compatible composite forecast,Hannah Santos,978-0-7692-7700-4,Romance,Donaldson-Garrison,2007,11.0
279,Visionary context-sensitive instruction set,Reginald Dalton,978-1-955251-43-3,Mystery,Donaldson-Garrison,2021,7.0
373,Self-enabling didactic frame,Thomas Harris,978-0-7670-8366-9,Young Adult,Robertson PLC,1997,10.0
491,Upgradable 6thgeneration architecture,Michelle Hudson,978-0-8497-6710-4,Business,"Lyons, Ashley and Thomas",2006,9.0
75,Distributed motivating intranet,Nicole Wilkins,978-1-107-50323-6,Business,Yoder-Bowman,2014,17.0
329,Re-engineered foreground capability,William Blake,978-1-74638-967-3,Young Adult,"Mcgrath, Ellis and Villarreal",2021,11.0
439,Cloned systematic standardization,Denise Carter,978-1-58562-651-9,Historical Fiction,"Lyons, Ashley and Thomas",2023,
415,Assimilated local core,Alan Petty,978-1-334-78838-3,Historical Fiction,"Beck, Matthews and Sims",2006,17.0
493,Diverse interactive Internet solution,Kimberly Perry,978-1-86941-625-6,Biography,"Beck, Matthews and Sims",2004,5.0
231,Persevering uniform alliance,Linda Sullivan,978-0-556-13955-3,Fantasy,Fowler Ltd,2011,15.0
365,Stand-alone systematic model,James Sanchez III,978-0-597-39902-2,Thriller,Fowler Ltd,2024,
299,Virtual leadingedge knowledge user,Kimberly James,978-0-496-87555-9,Young Adult,Fowler Ltd,2008,8.0
180,Reverse-engineered neutral matrix,Ariana Nichols,978-0-7354-0833-3,Thriller,"Campbell, Yang and Fuller",2015,18.0
101,Focused heuristic alliance,Joseph Haley,978-0-930578-44-2,Business,Cohen LLC,2008,10.0
470,Vision-oriented dedicated structure,Stephen Graham DDS,978-1-4351-9759-6,Fantasy,Brock-Edwards,2012,12.0
475,Expanded well-modulated groupware,Michael Bryant,978-1-65533-679-9,Self-Help,Brock-Edwards,2003,5.0
176,Universal dynamic methodology,Stephen Willis,978-0-359-52800-4,Business,"Mcgrath, Ellis and Villarreal",2002,8.0
381,Networked maximized functionalities,Jasmine Jones,978-0-7848-7272-7,Biography,Castro-Torres,2005,15.0
469,Phased asymmetric array,Donna Walsh,978-0-9730229-0-2,Young Adult,Long LLC,2019,4.0
44,Business-focused bifurcated matrices,Andrew Gill,978-0-232-34784-5,Psychology,"Watson, Cole and Lee",2017,15.0
205,Horizontal systemic leverage,Andrea Krueger,978-0-316-21417-9,Biography,Long LLC,1996,15.0
120,Decentralized optimal matrix,Jackie Young,978-0-8071-7871-3,Horror,Morgan Inc,2001,7.0
486,Multi-tiered client-driven system engine,Kelsey Wilson,978-0-513-14374-6,Fantasy,"Robinson, Wright and Gonzalez",2005,19.0
109,Assimilated impactful protocol,Shannon Meyer,978-1-307-74552-8,Self-Help,Baker-Smith,2009,4.0
351,Programmable motivating success,Lauren Everett,978-0-06-307857-4,Thriller,Castro-Torres,2007,6.0
58,Optional neutral service-desk,Rhonda Lee,978-1-392-77659-9,Mystery,Long LLC,2015,4.0
452,Vision-oriented object-oriented system engine,Nicholas Roth,978-1-78041-459-1,Science Fiction,"Ward, Levy and Weiss",2004,17.0
234,User-friendly even-keeled success,Bailey Hawkins,978-1-5492-7406-0,Biography,"Beck, Matthews and Sims",2018,13.0
296,Ameliorated object-oriented standardization,Morgan Davis,978-1-151-91228-2,Science Fiction,Castro-Torres,2023,16.0
106,Secured fault-tolerant forecast,Kenneth West,978-0-443-13090-8,Fantasy,Robertson PLC,2001,11.0
298,Extended tangible groupware,Michael Harrison,978-1-988375-43-4,Science Fiction,"Gonzalez, Johnson and Phillips",1999,15.0
169,Seamless analyzing moderator,Mitchell Patel,978-1-7376047-4-7,Thriller,Gonzalez-Grant,2014,17.0
326,Multi-tiered 3rdgeneration encryption,Elizabeth Campbell,978-0-630-05913-5,Psychology,Simon-Anderson,2020,5.0
345,Synchronized foreground hierarchy,Brittany Dickson,978-0-914526-36-0,Mystery,"Mcgrath, Ellis and Villarreal",2022,12.0
282,Function-based intermediate definition,William Cummings,978-0-8233-5155-8,Science Fiction,Fowler Ltd,2022,11.0
224,Function-based discrete definition,Brenda Evans,978-0-18-746796-4,Biography,"Lyons, Ashley and Thomas",2025,18.0
218,Cross-group bifurcated groupware,Bridget Perry,978-0-352-50817-1,Thriller,"Anderson, Potter and Green",2024,9.0
416,Profit-focused cohesive infrastructure,Darrell Harris,978-0-7983-1295-0,Young Adult,Robertson PLC,2002,14.0
483,Focused uniform policy,Mrs. Janet Lewis,978-1-164-27328-8,Self-Help,Simon-Anderson,2002,6.0
250,Expanded bi-directional workforce,Bryan Peterson,978-1-337-43880-3,Biography,"Beck, Matthews and Sims",2014,13.0
356,Up-sized tangible capacity,Sydney Tucker,978-0-16-722401-3,Young Adult,Brock-Edwards,2007,17.0
97,Inverse bi-directional open system,Todd Huynh,978-0-89676-893-2,Thriller,Castro-Torres,2025,14.0
294,Operative client-driven data-warehouse,Danny Scott,978-1-185-72605-3,Mystery,"Anderson, Potter and Green",2000,20.0
149,Face-to-face neutral challenge,Thomas Oconnor,978-0-10-769562-0,Self-Help,Robertson PLC,2025,18.0
434,Organized motivating open architecture,Melody Cooper,978-0-09-015349-7,Horror,"Ibarra, Chase and Harris",2009,11.0
138,De-engineered intangible success,John Monroe,978-1-314-51302-8,Fantasy,Anderson-Fitzpatrick,2016,11.0
389,Multi-lateral scalable knowledgebase,Robert Bryan,978-1-301-12536-4,Psychology,"Lyons, Ashley and Thomas",2015,10.0
128,Persistent encompassing archive,Jennifer Lee,978-1-280-25875-6,Business,Gonzalez-Grant,2005,14.0
285,Re-contextualized human-resource migration,Rachel Oconnor,978-1-7397102-8-6,Business,Gonzalez-Grant,2008,18.0
437,Cross-platform bottom-line paradigm,Thomas Douglas,978-0-485-87264-4,Fantasy,"Robinson, Wright and Gonzalez",2003,18.0
258,Optional zero tolerance installation,Ashley Pitts,978-0-456-42211-3,Historical Fiction,Castro-Torres,2021,17.0
448,Multi-channeled mission-critical pricing structure,Grace Reilly,978-0-19-634682-3,Horror,"Robinson, Wright and Gonzalez",2025,15.0
95,Reverse-engineered context-sensitive collaboration,James Ryan,978-1-70716-919-1,Mystery,"Campbell, Yang and Fuller",2010,9.0
438,Right-sized stable solution,Leslie Ford,978-0-272-01349-6,Science Fiction,Yoder-Bowman,1997,10.0
27,Organic attitude-oriented secured line,Vincent Byrd,978-0-9638739-4-1,Fantasy,Long LLC,2013,18.0
243,Synergistic explicit Graphic Interface,Gina Johnson,978-0-499-94454-2,Science Fiction,Cohen LLC,2016,
217,Pre-emptive real-time time-frame,Matthew Wood,978-0-658-24878-8,Young Adult,"Anderson, Potter and Green",2006,4.0
239,Integrated optimal application,Justin Dawson,978-0-379-47151-9,Business,Robertson PLC,2002,11.0
295,Right-sized methodical infrastructure,Holly Montes,978-1-4228-1992-0,Business,Yoder-Bowman,2010,17.0
456,Optional clear-thinking analyzer,Michael Howell,978-0-627-75712-9,Psychology,"Campbell, Yang and Fuller",1996,17.0
193,Polarized optimizing implementation,Stephanie Cox,978-0-00-846325-0,Young Adult,"Ibarra, Chase and Harris",2004,5.0
268,Synergistic fault-tolerant encryption,Hannah Burch,978-1-02-887374-6,Historical Fiction,Robertson PLC,2022,4.0
220,Triple-buffered asymmetric utilization,Tammy Perez,978-0-01-553241-3,Psychology,Cohen LLC,2015,18.0
167,Diverse contextually-based strategy,Travis Roy,978-0-17-108762-8,Horror,Yoder-Bowman,2017,4.0
369,Synchronized methodical concept,Cole Cain,978-1-72079-779-1,Self-Help,Yoder-Bowman,2022,12.0
355,Quality-focused global methodology,Jack Johnson,978-0-327-81915-8,Horror,Long LLC,2007,
328,Fundamental intangible budgetary management,Benjamin Haynes,978-1-83694-409-6,Psychology,Simon-Anderson,2005,13.0
161,Realigned multi-state conglomeration,Kevin Walker,978-1-330-40309-9,Young Adult,Cohen LLC,2014,19.0
12,Advanced well-modulated archive,Robert Williams,978-0-8360-8197-8,Psychology,"Ward, Levy and Weiss",2015,11.0
406,Innovative needs-based support,Juan Meyers,978-0-504-89871-6,Biography,"Robinson, Wright and Gonzalez",2021,13.0
316,Open-architected client-server data-warehouse,Virginia Lowe,978-1-86094-469-7,Romance,Gonzalez-Grant,2016,
473,Phased heuristic focus group,William Rodriguez,978-0-17-483508-0,Business,Donaldson-Garrison,1998,6.0
375,Multi-layered contextually-based superstructure,Steven Jimenez,978-1-5324-8466-7,Thriller,"Ward, Levy and Weiss",2012,19.0
440,Seamless user-facing knowledge user,Elizabeth Carpenter,978-0-8285-1270-1,Business,Donaldson-Garrison,2008,5.0
352,De-engineered didactic extranet,Alexander Mccullough,978-1-4738-7147-2,Mystery,Simon-Anderson,2008,10.0
261,Cross-platform 24/7 workforce,Melissa Carr,978-0-13-867476-2,Psychology,Gonzalez-Grant,2012,19.0
168,Re-engineered leadingedge algorithm,Jerry Perez,978-0-04-708740-0,Psychology,Robertson PLC,2015,15.0
409,Open-architected homogeneous open architecture,Erica Roth,978-1-250-98047-2,Young Adult,Castro-Torres,2012,7.0
260,Re-contextualized value-added encryption,Kimberly Burnett,978-1-348-44234-9,Horror,"Anderson, Potter and Green",2010,17.0
255,Mandatory value-added array,Ethan Hopkins,978-1-63996-314-0,Young Adult,Cohen LLC,2021,11.0
275,Proactive explicit customer loyalty,Blake Price,978-0-86868-829-9,Romance,"Ibarra, Chase and Harris",2016,4.0
263,Synchronized 24hour intranet,Tanya Hood,978-1-81227-578-7,Self-Help,Gonzalez-Grant,2006,12.0
130,Team-oriented analyzing implementation,Travis Morgan,978-1-02-850034-5,Romance,Yoder-Bowman,2010,6.0
32,Centralized 4thgeneration moratorium,Tara Miller,978-0-917664-35-9,Historical Fiction,"Anderson, Potter and Green",2005,10.0
370,Stand-alone explicit neural-net,Eric Clark,978-0-10-444668-3,Self-Help,Yoder-Bowman,2006,5.0
64,Fundamental needs-based adapter,Justin Jones,978-1-7388996-0-9,Science Fiction,"Ibarra, Chase and Harris",2015,
152,Innovative even-keeled frame,Kimberly Greene,978-1-4675-7186-9,Fantasy,"Ward, Levy and Weiss",2024,16.0
256,Persevering 24hour matrices,James Horn,978-1-144-62034-7,Self-Help,Castro-Torres,2009,
49,Triple-buffered context-sensitive analyzer,Theresa Williamson,978-1-122-73649-7,Fantasy,"Ibarra, Chase and Harris",2017,10.0
103,Front-line even-keeled process improvement,Jennifer Greene,978-0-645-81698-3,Mystery,Cohen LLC,2014,13.0
371,Multi-layered 3rdgeneration approach,Thomas Wilson,978-0-561-61261-4,Historical Fiction,"Lyons, Ashley and Thomas",2012,
429,Open-source mission-critical instruction set,Michael Hale,978-1-80206-963-1,Psychology,"Beck, Matthews and Sims",2009,11.0
225,Configurable next generation process improvement,Rebekah Russell,978-0-00-737940-8,Mystery,"Ibarra, Chase and Harris",2022,17.0
386,Operative transitional framework,Stephen Barry,978-0-533-10222-8,Horror,"Beck, Matthews and Sims",2004,6.0
344,Synchronized 5thgeneration project,Lisa Oneill,978-0-392-64332-0,Psychology,"Ibarra, Chase and Harris",1997,14.0
350,Business-focused zero tolerance secured line,Christine Jackson,978-1-958517-29-1,Historical Fiction,Cohen LLC,2004,15.0
383,Cross-platform full-range approach,Jill Campbell,978-1-886580-20-6,Mystery,Fowler Ltd,2001,19.0
5,Polarized radical analyzer,Beth Baker,978-0-267-47787-6,Science Fiction,"Beck, Matthews and Sims",2011,9.0
485,Open-architected executive synergy,Jason Silva,978-0-462-55140-1,Thriller,"Robinson, Wright and Gonzalez",2009,10.0
110,Quality-focused 5thgeneration methodology,Ann Gentry,978-1-250-21834-6,Romance,Morgan Inc,2003,18.0
82,Automated attitude-oriented instruction set,Emily Anderson,978-0-87253-844-3,Self-Help,"Mcgrath, Ellis and Villarreal",1996,14.0
159,Mandatory intangible approach,Rebecca Lozano,978-0-7634-4494-5,Biography,"Watson, Cole and Lee",2000,5.0
28,Re-engineered logistical Internet solution,Mr. Chris Massey,978-0-645-56908-7,Fantasy,"Anderson, Potter and Green",2022,11.0
290,Networked bandwidth-monitored attitude,Kayla Davidson,978-1-65343-408-4,Business,Brock-Edwards,2007,4.0
143,Managed coherent circuit,Edward Hernandez,978-1-65171-105-7,Mystery,Fowler Ltd,2019,12.0
8,Organic global concept,Nicole Smith,978-0-566-65950-8,Biography,Baker-Smith,2001,9.0
280,Reverse-engineered fault-tolerant hub,Jennifer Carney,978-1-05-524265-2,Fantasy,"Ibarra, Chase and Harris",2024,
419,Persevering clear-thinking artificial intelligence,Dennis Bowen,978-1-75934-583-3,Biography,Long LLC,2010,18.0
208,Total asymmetric emulation,Mary Vasquez,978-0-676-53569-3,Self-Help,Brock-Edwards,2024,20.0
457,Pre-emptive scalable extranet,David Wallace,978-0-7171-2003-1,Psychology,Long LLC,2015,15.0
184,Open-architected full-range knowledgebase,Jonathon Thompson,978-1-77238-586-1,Historical Fiction,"Campbell, Yang and Fuller",2007,8.0
174,Future-proofed impactful contingency,David Silva,978-1-77902-716-0,Business,Simon-Anderson,2021,18.0
192,Enhanced neutral project,William Blackburn,978-0-640-99758-8,Romance,Castro-Torres,2010,11.0
281,Switchable uniform customer loyalty,Jeffrey Moore,978-0-547-28654-9,Thriller,Long LLC,2008,8.0
117,Ergonomic attitude-oriented secured line,Brenda Montoya,978-1-219-18138-4,Psychology,"Campbell, Yang and Fuller",2022,10.0
79,Decentralized context-sensitive policy,Daniel Jordan,978-0-635-84863-5,Business,"Robinson, Wright and Gonzalez",2000,10.0
364,Seamless dedicated matrix,Angela Perkins,978-0-87326-034-3,Thriller,"Ward, Levy and Weiss",2004,16.0
479,Enhanced static info-mediaries,Desiree Johnson,978-1-66540-897-4,Fantasy,Gonzalez-Grant,1999,12.0
368,Public-key systemic productivity,Michael Reed,978-0-01-760756-0,Self-Help,"Lyons, Ashley and Thomas",2016,10.0
172,Profound composite neural-net,Jennifer Matthews,978-1-4262-9424-2,Horror,Morgan Inc,2021,8.0
85,Ergonomic exuding customer loyalty,Olivia Chavez,978-1-82325-475-7,Science Fiction,"Ward, Levy and Weiss",2012,18.0
136,Grass-roots intangible structure,Ryan Douglas,978-1-887323-09-3,Fantasy,Cohen LLC,2012,9.0
492,Programmable mobile productivity,Lauren Harding,978-0-460-32283-6,Romance,"Ibarra, Chase and Harris",1997,
127,Advanced fresh-thinking open system,Stephen Flores,978-0-383-66882-0,Fantasy,"Campbell, Yang and Fuller",2004,20.0
324,Customizable bifurcated policy,Samuel Cortez,978-1-968462-41-3,Young Adult,Fowler Ltd,2013,14.0
228,Visionary explicit functionalities,Susan Russo,978-0-404-57447-5,Psychology,"Mcgrath, Ellis and Villarreal",2025,7.0
472,Persistent composite extranet,Michael Calderon,978-1-4508-4870-1,Fantasy,Cohen LLC,2001,13.0
76,Enterprise-wide 24hour paradigm,Alexis Arnold,978-1-244-88261-4,Historical Fiction,Fowler Ltd,2010,14.0
4,Phased didactic open system,Rebecca Sweeney,978-0-8142-3510-2,Thriller,Anderson-Fitzpatrick,2008,7.0
246,Enterprise-wide zero administration leverage,Sean Krueger,978-1-210-31399-9,Romance,Castro-Torres,1997,9.0
213,Horizontal systemic function,Jorge Reynolds,978-1-5489-7596-8,Science Fiction,Robertson PLC,2020,11.0
140,Streamlined optimal knowledge user,Elizabeth Petty,978-0-249-87089-3,Thriller,"Ward, Levy and Weiss",2025,10.0
204,Optimized systemic customer loyalty,Michelle Bates,978-1-62076-664-4,Romance,Gonzalez-Grant,2016,18.0
399,Inverse 6thgeneration conglomeration,Kristy Johnson,978-0-271-41048-7,Romance,Castro-Torres,2007,11.0
55,Customizable 24hour standardization,Danielle Ford,978-0-04-432950-3,Thriller,"Anderson, Potter and Green",2008,8.0
454,Horizontal intangible application,Lauren Torres,978-0-13-594176-8,Young Adult,Morgan Inc,2011,
164,Profound national data-warehouse,Robin Dominguez,978-1-241-17453-8,Biography,"Beck, Matthews and Sims",2024,7.0
499,Front-line full-range projection,Amy Thompson,978-0-386-51483-4,Mystery,"Mcgrath, Ellis and Villarreal",2025,16.0
87,Cross-group didactic throughput,Jenny Mclaughlin,978-0-354-14985-3,Horror,Morgan Inc,1997,20.0
36,Right-sized actuating database,Dominic Maldonado,978-0-382-68681-8,Historical Fiction,Gonzalez-Grant,2017,17.0
137,Cloned fault-tolerant attitude,Emily Gonzalez,978-0-7473-3327-2,Horror,"Beck, Matthews and Sims",2021,12.0
134,Re-engineered 24/7 challenge,Jillian Williams,978-1-317-01846-9,Mystery,Gonzalez-Grant,2019,4.0
233,Robust cohesive website,Gina Parks,978-1-70185-993-7,Romance,Long LLC,1996,12.0
266,Optimized transitional monitoring,Benjamin Maldonado,978-0-575-59835-5,Science Fiction,Yoder-Bowman,2001,20.0
353,Extended actuating solution,Nicole Marshall,978-1-294-56085-2,Horror,"Campbell, Yang and Fuller",2000,20.0
249,Customer-focused hybrid policy,Kimberly Johnson,978-1-77218-346-7,Horror,Baker-Smith,1999,17.0
276,Phased background success,Brandon Murray,978-0-09-359851-6,Young Adult,"Beck, Matthews and Sims",2013,12.0
216,Persevering motivating middleware,Dana Williams,978-0-7939-8665-1,Science Fiction,"Mcgrath, Ellis and Villarreal",2007,11.0
71,Optimized multi-state hardware,Megan Jacobs,978-1-55887-064-2,Thriller,Yoder-Bowman,2023,8.0
154,Implemented fault-tolerant success,Ruth Dean,978-0-949040-92-3,Self-Help,Cohen LLC,2007,18.0
367,Realigned user-facing collaboration,Wesley Anderson,978-0-281-23372-4,Psychology,Morgan Inc,2008,16.0
48,Object-based zero tolerance open architecture,Gina Rojas,978-0-520-25106-9,Young Adult,"Ward, Levy and Weiss",1996,14.0
427,Up-sized tertiary customer loyalty,William Smith,978-1-245-47085-8,Horror,"Gonzalez, Johnson and Phillips",2024,18.0
480,Multi-tiered system-worthy attitude,Justin Perez,978-1-923257-72-6,Fantasy,"Watson, Cole and Lee",1999,5.0
482,Focused motivating service-desk,Bobby Wade,978-0-493-55035-0,Fantasy,Long LLC,2018,
14,Optional empowering benchmark,Susan Cook,978-0-11-665067-2,Young Adult,Robertson PLC,2011,11.0
62,Synergistic discrete workforce,Bobby Hart,978-1-76678-534-9,Self-Help,Fowler Ltd,2024,9.0
108,Progressive solution-oriented moratorium,Michelle Fitzgerald,978-1-05-438726-2,Fantasy,Baker-Smith,2017,
170,Quality-focused full-range complexity,Amanda Wong,978-0-448-29419-3,Horror,"Mcgrath, Ellis and Villarreal",2012,19.0
201,Switchable transitional frame,Joy Fowler,978-0-551-62899-1,Business,Anderson-Fitzpatrick,2014,15.0
377,Distributed intangible emulation,William Lopez,978-1-397-67960-4,Biography,Simon-Anderson,2009,6.0
141,Switchable eco-centric instruction set,Susan Mathis,978-1-7378253-4-0,Fantasy,"Gonzalez, Johnson and Phillips",2022,15.0
430,User-friendly static hierarchy,Tracy Gonzales,978-0-8393-1146-1,Self-Help,"Gonzalez, Johnson and Phillips",2020,4.0
45,Proactive needs-based attitude,Kristin Riley,978-1-349-16604-6,Fantasy,"Anderson, Potter and Green",1999,19.0
357,Profit-focused directional workforce,Julie Smith,978-0-9652590-9-5,Self-Help,Gonzalez-Grant,2005,18.0
144,Seamless demand-driven function,Cheryl Clay,978-0-7458-6291-0,Psychology,"Lyons, Ashley and Thomas",2018,8.0
476,Synchronized analyzing definition,Rebecca Rogers,978-0-7291-8666-7,Fantasy,Donaldson-Garrison,2001,19.0
230,Diverse bifurcated definition,Cassandra Brown MD,978-0-414-99622-9,Young Adult,Long LLC,2008,15.0
17,Diverse motivating collaboration,Daniel Castillo,978-1-03-031264-6,Young Adult,Long LLC,2023,13.0
41,Innovative client-driven Internet solution,Ryan Chandler,978-1-894927-27-7,Self-Help,Baker-Smith,2023,12.0
435,Managed mobile functionalities,Carol Serrano,978-1-244-71274-4,Romance,"Ward, Levy and Weiss",2012,6.0
10,Automated secondary collaboration,Kathleen Wood,978-1-58823-047-8,Romance,Long LLC,2020,15.0
78,Devolved radical forecast,Maxwell Hoover,978-1-01-393208-3,Mystery,"Gonzalez, Johnson and Phillips",2021,10.0
186,Public-key systemic strategy,James Coleman,978-1-387-94142-1,Historical Fiction,"Anderson, Potter and Green",2007,19.0
467,Adaptive explicit software,Marissa Miller,978-0-19-301668-2,Historical Fiction,Castro-Torres,2019,11.0
391,Self-enabling logistical focus group,Christina White,978-0-7699-1260-8,Romance,"Mcgrath, Ellis and Villarreal",2010,6.0
441,Implemented 24hour orchestration,Gary Barry,978-0-641-50211-8,Business,"Campbell, Yang and Fuller",2012,4.0
88,Optimized asymmetric instruction set,Kevin Delgado,978-1-198-25023-1,Fantasy,"Gonzalez, Johnson and Phillips",1998,18.0
262,Object-based didactic frame,Lawrence Deleon,978-1-01-947890-5,Horror,Donaldson-Garrison,2001,20.0
42,Programmable empowering methodology,Keith Ward,978-1-85660-476-5,Romance,"Robinson, Wright and Gonzalez",1997,18.0
410,Seamless asynchronous extranet,Mary Perry,978-1-929802-96-8,Psychology,Castro-Torres,2017,5.0
257,Intuitive value-added info-mediaries,Charlotte Yang,978-0-611-13805-7,Young Adult,"Gonzalez, Johnson and Phillips",1996,5.0
81,Reduced 3rdgeneration hub,Jeffery Shelton,978-1-111-82575-1,Psychology,Morgan Inc,2025,18.0
160,Realigned multi-state Internet solution,Stacey Stone,978-0-246-39040-0,Psychology,Donaldson-Garrison,2009,20.0
372,Versatile systemic data-warehouse,Jennifer Hinton,978-0-7480-3948-7,Self-Help,"Anderson, Potter and Green",2015,11.0
1,Compatible next generation leverage,Dawn Price,978-0-518-35294-5,Horror,Yoder-Bowman,2024,
68,Object-based didactic strategy,Kevin Bowers,978-0-7728-4711-9,Psychology,Anderson-Fitzpatrick,2000,7.0
107,Proactive fault-tolerant function,Matthew Bennett,978-1-01-139445-6,Romance,"Beck, Matthews and Sims",2006,7.0
360,Enhanced radical emulation,Todd Foster,978-1-02-378350-7,Young Adult,Baker-Smith,2009,13.0
443,Enhanced zero administration matrices,Angela Lawrence,978-1-4820-8926-4,Thriller,Cohen LLC,1996,20.0
190,Fully-configurable modular moderator,Kirk Christensen,978-0-88154-296-7,Horror,Yoder-Bowman,2007,15.0
111,Inverse human-resource forecast,Christian Schmidt,978-1-248-96912-0,Biography,"Beck, Matthews and Sims",2005,20.0
392,User-centric intermediate implementation,Amanda Cruz,978-1-354-95325-9,Business,"Watson, Cole and Lee",2019,4.0
325,Profound client-server policy,Patricia Perkins,978-0-08-292986-4,Self-Help,Simon-Anderson,2014,12.0
310,Extended object-oriented productivity,Mary Johnson,978-0-402-75311-7,Romance,Simon-Anderson,1999,19.0
447,Grass-roots zero administration benchmark,Charles Love,978-0-282-63176-5,Psychology,"Mcgrath, Ellis and Villarreal",2002,5.0
390,Self-enabling value-added adapter,Stephen Freeman,978-0-333-27697-6,Mystery,Simon-Anderson,2013,10.0
394,Team-oriented heuristic concept,Ashley Martin,978-1-899447-97-8,Self-Help,"Anderson, Potter and Green",2024,11.0
70,Business-focused client-driven moratorium,Scott Morris,978-1-68358-739-2,Romance,"Beck, Matthews and Sims",2026,7.0
253,Automated dedicated customer loyalty,William Curry,978-1-940898-77-3,Business,Morgan Inc,2002,
404,Synergistic systematic focus group,Lisa Fox,978-1-69019-979-3,Science Fiction,"Ward, Levy and Weiss",2008,5.0
340,Cloned asymmetric focus group,Evan Scott,978-1-58594-874-1,Horror,Yoder-Bowman,2018,9.0
338,Reverse-engineered bandwidth-monitored access,Michael Mccullough,978-1-83613-601-9,Historical Fiction,"Watson, Cole and Lee",2007,5.0
235,Ergonomic reciprocal productivity,William Mitchell,978-0-88752-804-0,Business,"Ward, Levy and Weiss",2012,9.0
331,Balanced coherent instruction set,Daniel Floyd,978-1-59102-936-6,Biography,"Beck, Matthews and Sims",2018,15.0
38,Extended modular support,Morgan Rodriguez,978-0-89561-748-4,Romance,Donaldson-Garrison,2003,17.0
148,Implemented mobile circuit,Kevin Cooper,978-0-646-88475-2,Fantasy,"Watson, Cole and Lee",2017,15.0
102,Extended client-server synergy,Cory Nguyen,978-1-992889-37-8,Historical Fiction,Castro-Torres,2008,19.0
153,Grass-roots tertiary matrices,Michael Hill,978-0-916586-64-5,Psychology,"Ibarra, Chase and Harris",2017,18.0
380,Extended mobile framework,Jeffery Mclaughlin,978-1-279-06841-0,Romance,Robertson PLC,2013,7.0
151,Integrated dedicated Local Area Network,Daniel Edwards,978-1-69690-186-4,Science Fiction,Robertson PLC,2015,15.0
7,Polarized interactive groupware,Kristen Sanders,978-1-72082-482-4,Self-Help,Brock-Edwards,2002,12.0
173,De-engineered empowering throughput,Madison Garrett,978-0-622-21127-5,Thriller,Cohen LLC,2014,18.0
346,Face-to-face responsive moderator,Jennifer Martinez,978-0-8014-4552-1,Self-Help,"Anderson, Potter and Green",2003,
126,Realigned content-based forecast,Andrew Meyer,978-0-10-007592-4,Historical Fiction,Simon-Anderson,2009,
26,Automated zero administration initiative,Dale Graham,978-1-4865-2644-4,Science Fiction,Castro-Torres,2001,15.0
115,Balanced local budgetary management,Lisa Nelson,978-0-360-76259-6,Self-Help,Donaldson-Garrison,2023,13.0
401,Pre-emptive global paradigm,Calvin Jones,978-1-4099-2135-6,Science Fiction,"Mcgrath, Ellis and Villarreal",2007,12.0
33,Automated contextually-based strategy,Leroy Smith,978-1-57794-261-0,Self-Help,Fowler Ltd,2021,
139,Diverse solution-oriented product,Cody Huffman,978-0-17-156421-1,Business,"Lyons, Ashley and Thomas",2014,20.0
147,Enhanced zero-defect help-desk,Kayla Ali,978-0-11-054976-7,Historical Fiction,"Beck, Matthews and Sims",2006,6.0
468,Grass-roots multi-tasking firmware,Matthew Ellis,978-1-79252-476-9,Mystery,Robertson PLC,2025,11.0
319,Assimilated composite architecture,Jody Smith,978-1-03-254518-9,Business,"Mcgrath, Ellis and Villarreal",2009,4.0
312,Synergized multimedia artificial intelligence,Angela Morales,978-1-4439-6820-1,Science Fiction,"Gonzalez, Johnson and Phillips",2019,6.0
333,Function-based explicit system engine,James Brown,978-0-913723-88-3,Biography,Long LLC,2024,4.0
112,Team-oriented attitude-oriented access,Richard Cobb,978-0-87705-682-9,Science Fiction,Cohen LLC,2022,14.0
378,Focused disintermediate infrastructure,Jordan Gallagher,978-0-275-50470-0,Business,"Watson, Cole and Lee",2004,16.0
178,Open-source 4thgeneration benchmark,William Burton,978-0-9605233-3-7,Fantasy,"Beck, Matthews and Sims",2000,7.0
278,Cross-platform 24/7 complexity,Kayla Grimes,978-0-395-74947-0,Young Adult,"Campbell, Yang and Fuller",1997,11.0
465,User-friendly foreground workforce,Steven Grant,978-1-84650-220-0,Young Adult,Morgan Inc,2018,7.0
418,Seamless grid-enabled access,Mitchell Wagner,978-1-916647-75-6,Fantasy,"Gonzalez, Johnson and Phillips",2003,10.0
80,Inverse stable system engine,Darlene Mccormick,978-1-202-03667-7,Thriller,Gonzalez-Grant,2012,12.0
488,Multi-lateral intermediate capacity,Mrs. Amber Jones MD,978-0-7451-0921-3,Science Fiction,Robertson PLC,2009,15.0
242,Balanced system-worthy array,Joseph Valdez,978-0-8288-8718-2,Horror,Yoder-Bowman,2025,15.0
3,Re-engineered motivating knowledge user,Robert Johnson,978-1-85359-774-9,Psychology,Castro-Torres,2000,4.0
450,Centralized zero tolerance software,Stephanie Ball,978-0-214-49415-4,Psychology,Baker-Smith,2020,9.0
181,Secured optimizing system engine,Brianna Brooks,978-0-9744070-4-3,Young Adult,"Robinson, Wright and Gonzalez",2022,7.0
63,Self-enabling full-range standardization,Shari Ray,978-0-625-08694-8,Self-Help,"Robinson, Wright and Gonzalez",2019,10.0
73,Switchable radical software,Katie Willis,978-0-9798930-3-2,Young Adult,Donaldson-Garrison,2007,19.0
198,Devolved human-resource intranet,Patrick Phillips,978-0-694-73613-3,Romance,Simon-Anderson,2016,7.0
195,Intuitive directional support,Heather Rush,978-1-5111-7774-0,Romance,Morgan Inc,2007,6.0
89,Focused foreground standardization,Tracy Dixon,978-1-68283-161-8,Fantasy,"Ibarra, Chase and Harris",2001,18.0
267,Pre-emptive 5thgeneration orchestration,Aaron Cuevas,978-0-7962-5689-8,Business,Baker-Smith,2006,10.0
436,Universal content-based support,Rachel Miller PhD,978-1-253-61001-7,Biography,"Beck, Matthews and Sims",2016,14.0
155,Mandatory local success,Beth Smith,978-1-58261-212-6,Young Adult,Brock-Edwards,2002,6.0
335,Automated discrete customer loyalty,Anthony Odom,978-1-308-56132-5,Science Fiction,Morgan Inc,2002,10.0
363,Seamless heuristic time-frame,Phyllis Charles,978-0-365-38865-4,Science Fiction,"Campbell, Yang and Fuller",2022,
99,Advanced solution-oriented moratorium,Christopher Bailey,978-1-85876-972-1,Romance,Yoder-Bowman,2002,
21,Organized transitional contingency,Sarah Pena,978-1-225-35775-9,Historical Fiction,"Ibarra, Chase and Harris",1996,11.0
306,Polarized 24hour knowledgebase,Melissa Nelson,978-1-187-46046-7,Historical Fiction,Simon-Anderson,2008,17.0
245,Synergistic neutral capability,Mark Quinn MD,978-1-229-75451-6,Thriller,Morgan Inc,2007,13.0
124,Face-to-face object-oriented groupware,Brian Hodges,978-0-672-64804-5,Business,Anderson-Fitzpatrick,2010,
462,Profound optimizing complexity,John Adams,978-1-918026-75-7,Historical Fiction,Cohen LLC,2021,5.0
238,Inverse dynamic capability,Jesus Wise,978-0-9588705-8-0,Business,Brock-Edwards,2011,15.0
283,Multi-layered clear-thinking definition,Matthew Johnson,978-0-9605912-9-9,Biography,Baker-Smith,2002,
65,Cross-platform stable strategy,Samantha Osborne,978-1-9857-7894-8,Romance,Long LLC,2004,9.0
189,Mandatory heuristic hierarchy,Bryan Harris,978-0-947890-90-2,Historical Fiction,Robertson PLC,2019,19.0
163,Intuitive methodical Graphical User Interface,Dillon Kennedy,978-1-76167-310-8,Thriller,Robertson PLC,2000,13.0
477,Right-sized foreground challenge,Stephen White,978-0-318-37976-0,Biography,"Campbell, Yang and Fuller",2020,16.0
423,Proactive 6thgeneration product,Alyssa Clark,978-1-4839-0221-0,Business,"Lyons, Ashley and Thomas",2026,12.0
362,Decentralized empowering strategy,Katie Smith,978-0-484-18487-8,Self-Help,"Beck, Matthews and Sims",2010,18.0
23,Configurable full-range matrix,Nicole Walsh,978-1-5296-7666-2,Business,Donaldson-Garrison,2023,9.0
171,Triple-buffered context-sensitive archive,James Graves,978-0-344-66227-0,Horror,"Ibarra, Chase and Harris",2011,14.0
199,Organic high-level initiative,Sandra Hicks,978-0-480-36193-8,Historical Fiction,"Ibarra, Chase and Harris",1998,16.0
9,Implemented contextually-based array,Jordan Leonard,978-0-236-75576-9,Fantasy,Baker-Smith,2002,7.0
277,Upgradable regional project,Jesse Ortega,978-1-284-48556-1,Self-Help,Cohen LLC,2017,
197,Polarized scalable moderator,Samantha Mckinney,978-0-421-68178-1,Romance,"Robinson, Wright and Gonzalez",2008,12.0
135,Visionary 6thgeneration website,Paul Whitaker,978-1-916643-37-6,Mystery,"Mcgrath, Ellis and Villarreal",2020,17.0
490,Persistent optimizing product,Scott Horne,978-1-345-69009-5,Romance,"Watson, Cole and Lee",2017,15.0
219,Centralized discrete policy,Jennifer Fernandez,978-0-625-58982-1,Science Fiction,Yoder-Bowman,2004,14.0
232,Quality-focused human-resource hub,Rachel Moore,978-1-965264-97-3,Psychology,Simon-Anderson,2020,19.0
304,Centralized well-modulated system engine,James Bennett DDS,978-0-282-43241-6,Historical Fiction,"Campbell, Yang and Fuller",2022,13.0
484,Re-contextualized bifurcated matrices,Sarah Pacheco,978-1-4366-2942-3,Self-Help,Castro-Torres,1998,17.0
300,Cloned bottom-line complexity,Tammy Mills,978-1-254-59337-1,Young Adult,Fowler Ltd,2009,14.0
395,Expanded scalable application,Michael Steele,978-1-248-58476-7,Horror,"Ward, Levy and Weiss",2024,15.0
474,Profit-focused upward-trending conglomeration,Cheryl Rodriguez,978-0-398-69041-0,Romance,"Gonzalez, Johnson and Phillips",2016,11.0
307,Grass-roots intangible focus group,Michael Miller,978-0-441-04946-2,Horror,"Watson, Cole and Lee",1999,17.0
52,Multi-channeled radical data-warehouse,Brian Trujillo,978-0-236-71644-9,Business,"Anderson, Potter and Green",2011,6.0
72,Profit-focused system-worthy frame,Edward Rose,978-0-16-025377-5,Historical Fiction,Morgan Inc,2011,16.0
2,Virtual local Graphic Interface,Jon Williams,978-0-7623-5707-9,Horror,Simon-Anderson,2025,20.0
487,Enterprise-wide uniform moratorium,John Patel,978-1-07-148532-3,Business,Morgan Inc,2013,17.0
374,Decentralized radical process improvement,Dr. Tiffany Pacheco,978-0-436-24324-0,Fantasy,"Beck, Matthews and Sims",2022,
90,Open-architected human-resource model,William Levine,978-0-313-66142-6,Thriller,Castro-Torres,2012,10.0
98,Intuitive leadingedge info-mediaries,Raymond Nguyen,978-0-685-68363-7,Science Fiction,Robertson PLC,2006,7.0
100,De-engineered multimedia capability,John Booth,978-1-133-03560-2,Biography,"Mcgrath, Ellis and Villarreal",2020,10.0
428,Advanced asymmetric policy,Angela Camacho,978-0-9840281-3-9,Psychology,Robertson PLC,2010,7.0
119,Inverse regional paradigm,Randy Taylor,978-1-4969-1542-9,Self-Help,"Lyons, Ashley and Thomas",2010,18.0
179,Exclusive well-modulated orchestration,Robert Rocha,978-0-7898-5467-4,Mystery,Yoder-Bowman,2006,
366,Proactive upward-trending database,Erik King,978-1-229-14839-1,Science Fiction,"Gonzalez, Johnson and Phillips",2023,16.0
105,Digitized incremental support,Katelyn Brown,978-1-398-06336-5,Historical Fiction,"Robinson, Wright and Gonzalez",2000,15.0
407,Advanced system-worthy workforce,Timothy Davis,978-0-590-33412-9,Business,"Watson, Cole and Lee",2010,18.0
398,Function-based fault-tolerant knowledge user,Kristy White,978-0-7677-2433-3,Science Fiction,"Anderson, Potter and Green",2024,19.0
461,Managed multimedia emulation,Nicole Fowler,978-1-66889-520-7,Horror,"Lyons, Ashley and Thomas",1997,15.0
414,Public-key methodical installation,Sarah Hudson,978-0-531-64563-5,Mystery,Castro-Torres,2026,7.0
264,Profound clear-thinking hardware,Susan Duncan,978-0-8130-6350-8,Fantasy,"Beck, Matthews and Sims",2021,10.0
385,Sharable web-enabled flexibility,Christine Jensen,978-0-9532541-8-7,Biography,Long LLC,2003,11.0
93,Business-focused neutral focus group,Andrew Curry,978-0-512-54596-1,Biography,Anderson-Fitzpatrick,2007,10.0
321,User-friendly dynamic encryption,Brandy Jackson,978-1-72540-641-4,Thriller,"Mcgrath, Ellis and Villarreal",2013,11.0
251,Optional coherent software,Amanda Roth,978-0-423-98474-3,Romance,Anderson-Fitzpatrick,2019,9.0
61,Up-sized real-time migration,William Ray,978-0-690-87038-1,Mystery,Cohen LLC,1996,4.0
301,Re-contextualized empowering interface,Ruben Lewis,978-1-81889-409-8,Horror,Cohen LLC,2011,
207,Persistent optimizing Graphical User Interface,Jennifer Trevino,978-0-485-41755-5,Science Fiction,Cohen LLC,2006,
37,Centralized upward-trending concept,Timothy Peters,978-1-5292-6676-4,Historical Fiction,"Robinson, Wright and Gonzalez",2001,16.0
177,Focused coherent installation,Rebecca Cook,978-0-19-153751-6,Science Fiction,Morgan Inc,2000,16.0
51,Multi-layered clear-thinking matrix,Kelly Williams,978-0-671-71037-8,Biography,Cohen LLC,2013,5.0
40,Front-line coherent knowledgebase,Karen Matthews,978-0-12-632494-5,Young Adult,"Campbell, Yang and Fuller",2008,19.0
451,Intuitive responsive moderator,Pamela Armstrong,978-1-287-01210-8,Horror,"Mcgrath, Ellis and Villarreal",2015,10.0
187,Right-sized systemic artificial intelligence,Natalie Wilson,978-0-321-51039-6,Young Adult,"Ward, Levy and Weiss",2014,18.0
92,Fundamental content-based function,Miss Shirley Carroll DVM,978-1-263-70522-2,Historical Fiction,Morgan Inc,2005,7.0
269,Balanced cohesive extranet,Michael Suarez,978-0-7485-1293-5,Young Adult,Yoder-Bowman,2016,
156,Secured fault-tolerant analyzer,Katie Rios,978-1-9794-0561-4,Fantasy,Yoder-Bowman,2011,
292,Multi-layered foreground policy,Joseph Rosario,978-1-372-50648-2,Self-Help,"Anderson, Potter and Green",2021,16.0
132,Secured full-range benchmark,Christopher Boone,978-1-170-29765-0,Fantasy,Morgan Inc,2004,4.0
445,Diverse user-facing infrastructure,Paul Jenkins,978-1-4607-6026-0,Science Fiction,"Lyons, Ashley and Thomas",2002,6.0
396,Fundamental heuristic algorithm,Susan Sanchez,978-0-16-521721-5,Self-Help,Baker-Smith,2009,20.0
376,Persevering asymmetric customer loyalty,Mr. Robert Hudson,978-1-272-84164-5,Self-Help,"Robinson, Wright and Gonzalez",1997,17.0
330,Enhanced systemic forecast,Andrew Thomas,978-0-03-027474-9,Psychology,"Anderson, Potter and Green",2012,11.0
104,Cross-platform modular alliance,Jeffery Robinson,978-1-09-070141-1,Science Fiction,Gonzalez-Grant,2024,5.0
453,Progressive foreground groupware,Derrick Knight,978-0-07-848805-4,Romance,Simon-Anderson,2024,13.0
379,Universal scalable hub,Jonathan Green,978-1-942994-10-7,Young Adult,Baker-Smith,2006,11.0
339,Right-sized 6thgeneration hub,Joseph Buck,978-1-280-95649-2,Romance,Yoder-Bowman,1996,11.0
270,Open-architected even-keeled Local Area Network,Cynthia Sutton,978-0-236-33890-0,Historical Fiction,Morgan Inc,2003,8.0
501,REALIGNED MULTI-STATE INTERNET SOLUTION,Stacey Stone,978-0-246-39040-0,Psychology,Donaldson-Garrison,2009,20.0
502,FUNCTION-BASED TANGIBLE EMULATION,Harry Dorsey,978-1-168-08419-4,Biography,"Anderson, Potter and Green",2012,9.0
503,SELF-ENABLING VALUE-ADDED ADAPTER,Stephen Freeman,978-0-333-27697-6,Mystery,Simon-Anderson,2013,10.0
504,PUBLIC-KEY BIFURCATED BENCHMARK,Henry Jackson,978-0-86624-100-7,Mystery,Long LLC,2003,20.0
505,DIGITIZED BIFURCATED FUNCTION,Joel Hamilton,978-0-916231-63-7,Horror,"Anderson, Potter and Green",2012,10.0
506,BALANCED LOCAL BUDGETARY MANAGEMENT,Lisa Nelson,978-0-360-76259-6,Self-Help,Donaldson-Garrison,2023,13.0
507,AUTOMATED DEDICATED CUSTOMER LOYALTY,William Curry,978-1-940898-77-3,Business,Morgan Inc,2002,
508,DE-ENGINEERED COHESIVE APPLICATION,Bob Velazquez,978-1-897321-92-8,Biography,Donaldson-Garrison,2022,12.0
509,PROGRESSIVE SYSTEMATIC TASK-FORCE,Charles Cook,978-0-7427-7394-3,Self-Help,"Lyons, Ashley and Thomas",2020,18.0
510,RE-CONTEXTUALIZED BIFURCATED MATRICES,Sarah Pacheco,978-1-4366-2942-3,Self-Help,Castro-Torres,1998,17.0
511,SWITCHABLE RESPONSIVE GROUPWARE,Cynthia Hughes,978-0-221-79055-3,Horror,"Anderson, Potter and Green",2004,16.0
512,UNIVERSAL DYNAMIC METHODOLOGY,Stephen Willis,978-0-359-52800-4,Business,"Mcgrath, Ellis and Villarreal",2002,8.0
513,CROSS-PLATFORM 24/7 COMPLEXITY,Kayla Grimes,978-0-395-74947-0,Young Adult,"Campbell, Yang and Fuller",1997,11.0
514,BALANCED GLOBAL EMULATION,Austin Hill,978-1-80489-863-5,Young Adult,"Ibarra, Chase and Harris",1999,15.0
515,PROFOUND CLIENT-SERVER POLICY,Patricia Perkins,978-0-08-292986-4,Self-Help,Simon-Anderson,2014,12.0
