memer_id,full_name,EMAIL,phone,address, city, state,posttcode, date_of_birth,membership_date,memebrship_status
152,Pamela Frederick,pamela.frederick@gmail.com,,Flat 56 5 Carrillo Elbow,Gordonberg,Tasmania,2426,01/05/1992,2024-12-25,0
289,Robert Thompson,robert.thompson@gmail.com,+61 417160714,780 Jenny Bypass,Nixonfurt,Western Australia,3375,1999-08-30,22/06/2023,expired
201,Karen Hutchinson,karen.hutchinson@gmail.com,(04) 3488-1783,Unit 67 49 Michael Edge,South Shannonbury,Australian Capital Territory,8001,"September 01, 1971",2025-08-09,EXP
117,Joyce Richards,joyce.richards@gmail.com,+61 415805884,929 Williams Landing,West Alexis,Victoria,2023,08/10/1985,2023-09-19,Y
225,Hunter Cooper,hunter.cooper@gmail.com,0491 477296,368/33 Freeman Strand,East Richardmouth,Northern Territory,8332,10/04/1965,25/09/2025,0
150,Andrea Lam,andrea.lam@gmail.com,0420225641,Level 9 8 Beltran Tarn,New Joshua,New South Wales,2656,"January 16, 1995","August 30, 2022",ACTIVE
217,Brian Campbell,brian.campbell@gmail.com,0470 714288,Apt. 594 2 Leah Access,West Benjaminbury,New South Wales,3562,06/07/1979,"April 12, 2025",EXP
301,Mrs. Anna Wallace DDS,mrs..anna.wallace.dds@gmail.com,0492341264,85 Jordan Trunkway,West Tracy,South Australia,2485,1976-05-31,"December 15, 2025",expired
335,Kelly Randolph,,0451 261509,5 Robbins Beach,East Maurice,Queensland,2219,24/09/1977,10/10/2022,expired
166,Kimberly Lopez,kimberly.lopez@gmail.com,+61 426721906,271 Wheeler Little,Lunaland,Victoria,2058,24/10/1991,2025-10-12,1
196,Heather Frederick,heather.frederick@gmail.com,0409 009814,Flat 52 29 Schultz Circuit,North Linda,Victoria,4306,"August 31, 2001","May 10, 2023",Y
389,Mr. Jonathan Flores MD,mr..jonathan.flores.md@gmail.com,0488855654,09 Stafford Dip,Johnmouth,Tasmania,6578,1972-12-12,"May 18, 2024",expired
362,Wesley Webb,wesley.webb@gmail.com,0486 035779,69 Dickson Chase,New Kristine,South Australia,2962,"March 18, 1986","November 22, 2021",ACTIVE
322,Cheryl Leblanc,cheryl.leblanc@gmail.com,0451194431,7/226 Carmen Triangle,West John,Australian Capital Territory,2934,"June 09, 1992",06/11/2022,inactive
77,Jessica Jackson,jessica.jackson@gmail.com,+61 415802834,9 Harris Interchange,East Jacobshire,Western Australia,2646,1965-07-03,2023-04-21,No
343,Jeremy Rodriguez,jeremy.rodriguez@gmail.com,(04) 4818-3926,Apt. 787 20 Lynn Link,New Kristenhaven,Queensland,2921,1989-07-12,2022-09-27,Yes
242,Amanda Mejia,amanda.mejia@gmail.com,+61 430442138,6 Danny Line,Port Cynthia,Northern Territory,0823,"July 23, 1994","May 17, 2023",ACTIVE
380,Thomas Abbott,thomas.abbott@gmail.com,0492 665505,6/3 Mark Circle,Kevinbury,Western Australia,2647,"June 13, 1998",2023-06-27,Active
78,Kristy Calderon,,0490 800284,9 Robert Rosebowl,Tonyland,Victoria,2479,1965-04-19,"March 07, 2025",active
433,Russell Hayes,,0436 502144,33 Kristen Fairway,South Scottfurt,Northern Territory,2902,27/07/2007,2025-04-28,expired
411,Autumn Rose,autumn.rose@gmail.com,0424 088703,020 Sydney Brace,Bobbyborough,Western Australia,2819,1970-11-29,20/03/2026,0
112,Kristina Pratt,,(04) 4336-6746,168 Craig Ronde,East Sara,South Australia,2726,21/02/1966,19/01/2024,N
475,Katie Haynes,,0448 411226,5 Lowe Intersection,St. Kelsey,Northern Territory,2641,"May 12, 1994",2022-07-09,N
330,Robin Weber,robin.weber@gmail.com,0424 807456,Unit 30 789 Lang Freeway,Collinsville,Australian Capital Territory,9316,31/07/1977,"August 24, 2025",0
480,Phillip Sullivan,phillip.sullivan@gmail.com,(04) 1315-8931,087/7 Patel Drive,Whiteton,Western Australia,2694,2004-10-01,2025-07-31,EXP
84,Tonya Reed,,0472 506081,13/83 Mason Cul-de-sac,West Traceytown,South Australia,7443,1988-12-26,"January 17, 2025",Y
75,Ryan Smith,ryan.smith@gmail.com,(04) 7731-4659,3/788 Davis Ronde,Odonnellburgh,Queensland,2967,1988-05-07,2022-09-27,Yes
315,Jason Davenport,,0408167589,Flat 07 080 Cummings Loop,Christinatown,Western Australia,2944,14/08/2004,2025-11-24,expired
241,Shelby Mitchell,shelby.mitchell@gmail.com,+61 484025157,Apt. 483 407 Mary Round,St. Kenneth,Western Australia,7164,"June 27, 1984","May 17, 2023",Inactive
387,Julie Barrera,julie.barrera@gmail.com,+61 463927604,1/2 Lopez Strip,Brianborough,Tasmania,5778,"August 19, 1964",2025-06-22,Active
399,Brenda Davis,brenda.davis@gmail.com,(04) 8380-9805,Apt. 000 0 Hoffman Turn,St. Billstad,Victoria,6081,"January 03, 1995",17/07/2022,Inactive
296,Brian Carroll,brian.carroll@gmail.com,,08 Lopez Way,New Sherifort,New South Wales,3937,"November 29, 1972",2026-04-05,Yes
258,Douglas Edwards,douglas.edwards@gmail.com,+61 476352835,436 Todd Plateau,Michaelmouth,Australian Capital Territory,2401,"September 09, 2005","May 24, 2021",Y
163,Colton Davis,,(04) 4561-6678,Level 0 9 Melissa Common,South Teresa,Western Australia,2920,1961-08-22,25/09/2021,ACTIVE
369,Christine Webb,christine.webb@gmail.com,0421 303979,181 Robinson Tarn,Douglasburgh,Queensland,0248,15/09/2000,"September 21, 2024",expired
267,Daniel Walters,daniel.walters@gmail.com,+61 494528086,8 Michael Landing,Barronmouth,Victoria,2981,1978-05-11,10/12/2022,Active
21,Melissa Schwartz,melissa.schwartz@gmail.com,0407931492,3 Christian Upper,Port Michealland,Tasmania,2021,1981-08-08,2022-01-14,EXP
9,Laura Green,,+61 485160655,9/42 Brandon Circlet,Gonzalezfort,Tasmania,2609,1992-12-02,30/11/2025,active
2,Melissa Ballard,,0485918765,Apt. 406 4 Moore Brae,Emilyport,New South Wales,3222,"July 09, 2005",26/10/2023,EXP
131,Candace Sherman,candace.sherman@gmail.com,+61 402049840,9/3 Phyllis View,Macdonaldmouth,Western Australia,2996,2002-11-03,"December 20, 2021",ACTIVE
59,Russell Gonzalez DVM,russell.gonzalez.dvm@gmail.com,+61 463329876,9 Welch Bypass,Anthonyborough,Northern Territory,1994,"August 05, 1991",2021-10-13,inactive
376,Barbara Smith,,(04) 6420-7286,Apt. 225 374 Miller Glen,Carlahaven,New South Wales,2834,24/05/1972,"March 03, 2026",expired
316,Daniel Mcfarland,,,25 Dennis Ground,East Carlburgh,Queensland,2640,28/12/1972,06/01/2025,No
255,David Thomas,david.thomas@gmail.com,+61 405040248,450 Watkins Artery,Oscarview,Western Australia,2961,"November 13, 1969","March 20, 2023",Active
363,Suzanne Smith,suzanne.smith@gmail.com,,55 James Access,New Catherineland,Australian Capital Territory,2123,13/11/1972,2026-03-18,Active
93,Scott Caldwell,scott.caldwell@gmail.com,+61 402009537,61/95 Jennifer Corner,Santiagoberg,Queensland,2850,1989-04-08,29/04/2023,expired
478,Sarah Zhang,sarah.zhang@gmail.com,+61 402176244,9 Jeff Crossroad,West Rachel,Australian Capital Territory,2670,19/05/1972,2024-08-16,Y
291,Kristin Clark,kristin.clark@gmail.com,+61 417562073,682 Todd Subway,Wesleychester,Queensland,2009,"September 25, 1964","November 15, 2024",N
146,Sharon Martinez,sharon.martinez@gmail.com,0497 377526,Flat 61 5 Ronnie Crescent,Laurafort,Northern Territory,0919,1989-06-21,30/06/2021,active
251,Victor Little,victor.little@gmail.com,0459409279,Flat 25 8 Lyons Grove,North Christinestad,Australian Capital Territory,8640,"December 10, 1971",2021-09-02,inactive
281,Nicole Watts,nicole.watts@gmail.com,(04) 3636-9123,Level 6 37 Mills Green,New Gina,Victoria,5954,"April 30, 1975","March 21, 2025",Expired
329,Justin Mckenzie,justin.mckenzie@gmail.com,0453 734800,74 Edward Highroad,East Teresaberg,Australian Capital Territory,2906,1971-07-24,07/09/2021,Inactive
303,Steven Soto,steven.soto@gmail.com,0463 225616,2 Daniel Expressway,Hillchester,Tasmania,6506,"December 26, 1961",03/12/2023,Y
36,Mark Brown,mark.brown@gmail.com,(04) 1064-4995,7/20 Sanchez Thoroughfare,South Kendrafort,Western Australia,2686,08/08/1995,"August 17, 2024",0
113,Douglas Elliott,douglas.elliott@gmail.com,(04) 0714-4927,32 John Lower,Mcculloughbury,South Australia,2676,22/06/1983,26/04/2022,1
227,Andres Jones,andres.jones@gmail.com,+61 459568188,66/407 Jones Point,South Carrieshire,Western Australia,2691,"June 18, 1994","July 30, 2025",expired
85,Jessica Nelson,jessica.nelson@gmail.com,0455112318,Unit 43 7 Christopher Artery,Margaretstad,Victoria,2723,"May 12, 1969",2026-04-09,1
130,Duane Lopez,duane.lopez@gmail.com,+61 443364022,321 Ingram Rise,New Kevinside,South Australia,9682,22/10/1989,2025-10-24,inactive
153,Stephanie Hernandez,stephanie.hernandez@gmail.com,(04) 1432-5307,1/73 Timothy Broadway,Jordanbury,New South Wales,8546,1998-08-14,"September 24, 2022",Active
358,Mr. Antonio Snyder,mr..antonio.snyder@gmail.com,0400480114,Flat 08 401 Williams Mall,East Michael,Western Australia,8244,1967-01-22,"November 23, 2021",EXP
116,Monica Ortiz,monica.ortiz@gmail.com,0423 329138,59 Jennifer Tarn,East Elizabeth,Victoria,2987,22/04/1989,2023-10-11,expired
307,Timothy Dominguez,timothy.dominguez@gmail.com,(04) 2466-5278,49/3 Michelle Artery,Jacquelinefort,Queensland,2619,21/05/1961,06/08/2022,N
264,Alex Rasmussen,alex.rasmussen@gmail.com,,864/8 Reyes Laneway,Laurenborough,New South Wales,2256,"July 01, 1985",2023-02-13,EXP
144,Brenda Phillips,brenda.phillips@gmail.com,+61 463119211,25/843 Wagner Fairway,New Michaelhaven,Tasmania,6516,03/01/1965,"July 15, 2021",EXP
79,Daniel Donaldson,,0474706393,905 Hayes Plaza,Franklinfurt,Northern Territory,2984,1965-09-30,10/06/2023,N
428,Christopher Blevins,christopher.blevins@gmail.com,0443478394,Flat 00 9 Mullins Drive,South Jennifer,South Australia,2982,"January 23, 1995",15/02/2024,EXP
73,Cheryl Ruiz,cheryl.ruiz@gmail.com,(04) 4844-1975,Level 1 884 Osborne Corso,North Gabrielahaven,New South Wales,2648,1971-08-24,"February 17, 2024",No
295,Edward Cox,,(04) 3915-8642,Flat 68 02 Ferguson Vista,St. Melissa,South Australia,2605,13/07/1968,2026-03-01,N
8,Adam Romero,,0440 916002,86/421 Smith Cove,Franklinville,Western Australia,2660,14/04/1987,12/03/2023,Yes
233,David Tran,david.tran@gmail.com,(04) 3266-7608,Suite 192 637 Warren Street,Kristenfort,Northern Territory,6191,31/03/1963,10/12/2023,1
462,Matthew Vaughn,matthew.vaughn@gmail.com,0423 397209,Level 5 210 Steve Row,East Cory,Tasmania,2605,1982-04-27,29/01/2024,Expired
95,Darrell Fitzgerald,darrell.fitzgerald@gmail.com,0432 648688,9 Alvarez Row,Steelemouth,Western Australia,2928,1993-07-28,05/01/2026,Inactive
62,William Miller,,0410 004649,Flat 34 35 Ortega Access,South Anthonymouth,Western Australia,2987,"May 29, 1974",29/11/2021,0
202,Susan Ingram,susan.ingram@gmail.com,(04) 7649-1746,581 Joshua Route,Brandonton,Queensland,2609,06/01/1961,"August 07, 2022",No
351,Amy Vega,amy.vega@gmail.com,(04) 9934-8760,19 Ryan Extension,West Rebecca,Tasmania,0285,1984-05-09,28/08/2025,ACTIVE
200,Jonathan George,jonathan.george@gmail.com,0478709211,Apt. 174 68 Jennifer Elbow,Nunezberg,South Australia,2607,"August 04, 1966",02/02/2022,Inactive
364,Leslie Hobbs,leslie.hobbs@gmail.com,0499 234955,4 Stephanie Path,East Elizabeth,Australian Capital Territory,2701,25/05/1998,2023-12-13,EXP
365,Jose Payne,jose.payne@gmail.com,0471918269,1 Ortega Frontage,Mossmouth,Victoria,0228,04/02/1995,2022-09-20,expired
215,Annette Yang,annette.yang@gmail.com,,Flat 61 862 Rhonda Reserve,Port Sandra,Northern Territory,0840,13/06/1966,"May 21, 2025",EXP
132,Paula Moore,paula.moore@gmail.com,0440 998444,Unit 88 09 Kathryn Grange,Crystalburgh,South Australia,2426,1971-07-26,"July 31, 2022",Inactive
453,Karen Williams,karen.williams@gmail.com,0406492094,846 James Concourse,Kathrynton,Northern Territory,2336,"May 28, 2005",27/03/2025,EXP
7,Bryan Thompson,bryan.thompson@gmail.com,0414755460,60 Martinez Highway,North Alexfurt,Northern Territory,2260,"September 20, 1962",01/07/2024,N
328,John Richards,,+61 437106484,280/659 Meza Pathway,East Dawn,Australian Capital Territory,2619,2006-05-02,"June 18, 2023",Expired
424,Angela Fernandez,angela.fernandez@gmail.com,0418719647,Level 4 835 Fowler Quad,Lake Angela,Western Australia,2163,1983-10-29,2022-01-24,expired
499,David Snow,david.snow@gmail.com,(04) 8364-3103,4/2 Huff Roads,North Tyler,South Australia,8823,1982-09-06,2026-01-02,Y
309,April Thomas,april.thomas@gmail.com,0417031269,125/848 Henson Strip,Port Yolanda,Queensland,2636,16/09/1976,2021-11-07,active
282,Donald Wall,,(04) 2959-5741,7 Brooke River,West Lindsaychester,Western Australia,2637,1994-10-21,"December 02, 2023",0
25,Ebony Mitchell,ebony.mitchell@gmail.com,0418607615,7 Isabella Crescent,Webbside,Queensland,2876,"July 05, 1981",2025-10-25,ACTIVE
11,Carla Cruz,carla.cruz@gmail.com,0411 102607,Level 4 8 Murphy Amble,Seanport,Northern Territory,0958,"January 17, 1997","May 15, 2025",expired
361,Jennifer Smith,jennifer.smith@gmail.com,0498415061,Flat 46 0 Sweeney Bend,New Douglas,South Australia,2973,08/09/2001,"April 05, 2026",Inactive
458,Douglas Nelson,douglas.nelson@gmail.com,+61 462559616,684/27 Ramirez Bend,West William,Northern Territory,2921,21/04/1967,"June 30, 2023",inactive
245,William Buck,william.buck@gmail.com,+61 485760727,0 Martin Trailer,East Jennifer,Western Australia,2682,20/01/1992,2021-07-30,EXP
436,Robert Moody,,0441 343976,Suite 120 72 Michael Interchange,South Michaelport,Australian Capital Territory,2924,"February 21, 1986","October 22, 2025",1
386,Angela Owen,angela.owen@gmail.com,(04) 0038-0363,4 Davis Roads,Lawsonchester,New South Wales,2848,"July 08, 1997",04/10/2021,No
388,Kathleen Ward,kathleen.ward@gmail.com,,9/6 Deborah Junction,Shortbury,Western Australia,5363,"December 31, 1962","April 10, 2023",inactive
181,Tina Campbell,tina.campbell@gmail.com,0403457978,Suite 813 3 Rhodes Retreat,Davisview,Western Australia,6943,"December 18, 1986",27/07/2023,expired
449,Jennifer Mendoza,jennifer.mendoza@gmail.com,,Apt. 213 874 Russell Glen,Taylorfurt,Queensland,7606,2003-11-28,"January 20, 2026",Yes
442,Rita Cruz,rita.cruz@gmail.com,,942 Mike Quays,Georgefort,Western Australia,2909,"December 25, 2004",2025-05-11,ACTIVE
438,Lauren Fields,lauren.fields@gmail.com,0405 136470,744 Gregory Arcade,Reedport,New South Wales,2695,2004-08-19,2022-10-22,EXP
183,Rachel Rogers,rachel.rogers@gmail.com,+61 421518941,28 Jonathan Port,Johnmouth,Victoria,2612,29/04/1990,24/11/2022,active
426,Justin Dodson,justin.dodson@gmail.com,+61 444055227,98 Martinez Expressway,North Johnchester,Northern Territory,2058,"July 30, 1984",26/01/2022,inactive
193,Lee Brown,lee.brown@gmail.com,,Unit 28 58 Howell Retreat,St. Michael,Victoria,9749,1973-09-02,"March 26, 2025",expired
336,Jessica Jimenez,jessica.jimenez@gmail.com,+61 439690049,127/71 Jessica Boulevard,Stewarthaven,Victoria,2831,"March 26, 1986",2023-06-14,expired
383,Dean Dawson,dean.dawson@gmail.com,,88/6 Henderson Quadrangle,East Eric,Australian Capital Territory,2760,20/03/1987,"May 07, 2022",ACTIVE
276,Melvin Freeman Jr.,melvin.freeman.jr.@gmail.com,0406 437050,68 Jorge Colonnade,Boyleshire,Northern Territory,2699,"August 24, 1966",2026-01-09,1
42,Stephanie Thompson,stephanie.thompson@gmail.com,0421 925104,57 Leonard Trail,St. Sean,Tasmania,2036,2005-05-04,"March 28, 2026",inactive
51,Sarah Garcia,sarah.garcia@gmail.com,(04) 8657-8516,90 Julia Mew,Andrewtown,Australian Capital Territory,2901,05/07/1988,2022-05-15,Expired
96,Christina Pierce,christina.pierce@gmail.com,(04) 5718-5266,Apt. 231 6 Baker Park,West Robert,Tasmania,2998,1993-08-03,2025-06-01,EXP
208,Adam Everett,adam.everett@gmail.com,0447119314,716/7 Ortega Piazza,Shelbyton,Victoria,2963,"April 26, 1999",08/09/2025,expired
165,Bruce Ross,bruce.ross@gmail.com,+61 465056841,4 Francis Gate,Karenfort,New South Wales,9636,"February 13, 1962",18/04/2022,Inactive
279,Seth Molina,seth.molina@gmail.com,,2 Taylor Cutting,East Davidside,Australian Capital Territory,2577,1998-08-12,2021-09-25,inactive
337,Jennifer Hall,,0467 458560,55 Brandy Glade,Darrylview,Australian Capital Territory,1838,"April 14, 1988",2021-06-28,No
483,Bradley Lopez,bradley.lopez@gmail.com,+61 460759273,Suite 855 926 Samantha Square,Wallacestad,Western Australia,2534,24/08/1980,30/01/2022,expired
327,Catherine Villarreal,catherine.villarreal@gmail.com,,46 Joseph Gardens,North Stevenchester,Victoria,2418,2007-03-05,05/10/2022,Expired
447,Fernando Jackson,fernando.jackson@gmail.com,+61 491345481,1 Mcbride Triangle,Scottfort,Queensland,2031,"March 12, 1969","August 01, 2025",Inactive
81,Angela Moore,angela.moore@gmail.com,0430 139288,54 Peterson Range,North Nicole,Tasmania,5938,1961-02-21,25/01/2023,Yes
311,Holly Diaz,holly.diaz@gmail.com,(04) 3302-9253,856 Lang Link,New Ashleyhaven,New South Wales,2938,"November 21, 1974",2025-08-16,Expired
100,James Vaughan,james.vaughan@gmail.com,+61 438661576,9 Karen Edge,Trevorport,Western Australia,2673,"January 26, 1985","June 28, 2025",No
461,Autumn Parker,autumn.parker@gmail.com,+61 435039109,4 Wilson Range,Joyshire,South Australia,4864,18/07/1997,19/11/2025,active
367,Ashley Tucker,ashley.tucker@gmail.com,0439 711277,081 Caitlin Common,Jessicaville,New South Wales,2907,1974-10-04,"March 22, 2022",Yes
49,Thomas Ward,thomas.ward@gmail.com,0448079308,731 Evans Dip,East Derek,Northern Territory,2988,27/03/1985,03/11/2021,No
184,Cassandra Taylor,cassandra.taylor@gmail.com,0452 013538,Flat 14 4 Kimberly Outlook,Leeberg,Northern Territory,2597,2003-09-14,12/04/2023,EXP
55,April Wang,april.wang@gmail.com,(04) 1820-4268,13 Daniel Anchorage,Jodyberg,Victoria,2928,"May 31, 1970",04/06/2022,0
107,Chelsea Williams,chelsea.williams@gmail.com,+61 463066332,7/3 Richard Avenue,Murphyberg,Victoria,3387,18/09/1965,"July 30, 2021",expired
175,Heather Casey,heather.casey@gmail.com,0415 516911,2/00 Lori Access,Lake Coreyhaven,Victoria,2619,11/09/1998,"August 30, 2024",Expired
486,Cindy Jacobs,cindy.jacobs@gmail.com,,14 Lee Strip,Barneshaven,South Australia,2908,"June 06, 2001",09/02/2023,EXP
219,Erin Wallace,erin.wallace@gmail.com,0429862214,974 Steven Foreshore,Murrayport,New South Wales,7361,17/01/2003,29/10/2024,No
417,Becky Holloway,,0476 127958,Suite 456 2 Watkins Gates,East Derek,New South Wales,2957,10/10/2004,30/03/2024,No
128,David Cole,david.cole@gmail.com,+61 405899587,6 Cortez Upper,Claireburgh,Victoria,1860,"May 15, 1962",2025-11-07,Inactive
298,Kelli Russell,kelli.russell@gmail.com,+61 422962398,Apt. 455 1 Taylor Tollway,Smithmouth,Australian Capital Territory,0827,"March 21, 2002","April 26, 2025",Expired
185,Brittany Robinson,,0436891926,Apt. 780 646 Haley Dell,Masonport,Queensland,2527,1972-01-13,26/07/2025,Inactive
467,Brittany Williams,brittany.williams@gmail.com,+61 483855240,Suite 406 18 Ashley Path,New Andrew,New South Wales,2685,1992-11-17,05/09/2024,inactive
333,Alexander Hernandez,,+61 429456338,Apt. 242 7 Ellis Firetrail,Port Mike,Australian Capital Territory,2949,"August 16, 2005",10/10/2024,Expired
174,Kimberly Cooper,,0497041605,144/098 Samuel Avenue,West Lisafort,Queensland,2623,"February 25, 1987",18/04/2025,Y
323,Shelly Reyes,shelly.reyes@gmail.com,0414508865,9 Mckenzie Line,Codyland,New South Wales,2357,"October 22, 1981","July 21, 2021",ACTIVE
65,Crystal Ferrell,crystal.ferrell@gmail.com,0474882339,Level 1 533 Denise Riverway,East Michaeltown,Australian Capital Territory,2942,"September 17, 1971","July 18, 2024",0
265,Brittney Johnson,brittney.johnson@gmail.com,0425936125,8/400 Petersen Distributor,Lopezshire,Queensland,7710,"April 19, 1978","February 15, 2026",expired
120,Kristie Levine,,(04) 4626-8061,6 Waters Promenade,New Sharontown,Western Australia,2619,"August 09, 1969",2025-11-17,expired
71,Ronald Moore,ronald.moore@gmail.com,+61 457819725,Suite 511 2 Cole Meander,Rileyberg,South Australia,0250,03/08/2006,"May 02, 2026",Expired
353,Natasha Rodriguez,natasha.rodriguez@gmail.com,,61 Jake Plaza,West Janice,South Australia,8535,24/11/1994,13/03/2024,expired
444,Andrea Munoz,andrea.munoz@gmail.com,0460097712,56 Johnson Crossing,Gonzalezville,South Australia,2253,1996-09-01,31/10/2021,Active
110,John Cooper,john.cooper@gmail.com,0463 217498,Level 8 541 Munoz Vista,New Jenniferstad,Australian Capital Territory,2989,1971-07-23,2021-08-01,N
460,Christina Martinez,,(04) 4513-1036,5/84 Daniel Part,Hillton,Australian Capital Territory,0868,1984-09-04,"May 30, 2021",Active
248,Russell Sloan,russell.sloan@gmail.com,0428877100,7/1 Ryan Round,Port Kyle,Northern Territory,2610,"January 21, 1980","May 30, 2021",Expired
382,Richard Mosley,,0410 754310,3/964 Roach Mall,West Cynthia,Queensland,2686,05/03/1977,"January 15, 2022",Y
477,Jennifer Hughes,jennifer.hughes@gmail.com,0425 043983,92/10 Denise Avenue,South Brendaton,Victoria,2449,"August 18, 1966","January 19, 2026",inactive
48,Paul Clark,,(04) 2409-9106,Unit 52 3 Sandoval Strip,Joannaton,Victoria,0903,17/06/1997,"March 02, 2024",N
366,Rebecca Lopez,rebecca.lopez@gmail.com,0461 273749,Suite 709 0 Robert Colonnade,Sarahfurt,South Australia,9093,06/09/2004,2022-05-01,Yes
349,Shawn Mitchell,shawn.mitchell@gmail.com,(04) 2399-1862,1/37 Cheryl Thoroughfare,South Katherinefort,New South Wales,2974,05/04/1962,2023-07-27,Expired
12,Jeanne Garcia,jeanne.garcia@gmail.com,0433 034615,994/166 Melissa Turn,Kristifort,Tasmania,2601,1981-01-25,"October 22, 2023",expired
123,Lisa Chambers,,0461050375,44 Gibson Chase,Mooreberg,New South Wales,2666,1966-07-27,19/08/2021,Expired
357,Gabrielle Mcdaniel,gabrielle.mcdaniel@gmail.com,0495293944,Apt. 974 570 Carson Little,North Cheryl,Northern Territory,2642,"February 15, 1962",2026-03-24,No
46,Edward Moore,edward.moore@gmail.com,+61 457297262,Level 7 438 Sheila Brace,Amyberg,Victoria,2444,1969-07-25,05/12/2025,No
342,Jesse Mccall,jesse.mccall@gmail.com,0450 445682,Suite 193 6 Graham Dale,West Jason,Northern Territory,0817,2000-11-29,"November 01, 2024",expired
344,Curtis Park,,(04) 9517-6676,84 Ryan Dell,Andersonborough,Western Australia,2936,19/02/1994,04/03/2023,Inactive
491,Thomas Johnson,thomas.johnson@gmail.com,0437 683345,160 Murphy Tor,Beckberg,Northern Territory,2618,20/02/1998,27/08/2022,EXP
407,Christopher Peters,christopher.peters@gmail.com,,51 Kerr Deviation,Wattsborough,Tasmania,6825,18/11/1985,01/06/2024,active
414,Kimberly Banks,kimberly.banks@gmail.com,0438 852568,Flat 10 25 Michael River,Leblancbury,Northern Territory,2619,"January 18, 1962","July 30, 2022",1
240,Shawn Briggs,shawn.briggs@gmail.com,0413 211777,7/84 Fred Artery,St. Michael,Tasmania,2960,1995-06-19,2022-05-13,Expired
308,Paul Alexander,,+61 481165196,Level 9 08 Elizabeth Heights,Mccoyland,Western Australia,3715,1982-10-06,"November 29, 2024",active
268,Angela Butler,angela.butler@gmail.com,+61 401697667,Unit 81 41 Jordan Brae,Matthewsland,South Australia,0933,2000-11-03,"June 27, 2024",1
140,Chelsea Perkins,,0461981682,593 Morrison Corso,Jonathanland,Tasmania,2600,"October 27, 1982",2026-02-19,Y
232,Raymond Cole,raymond.cole@gmail.com,(04) 4034-5706,057/38 Michael Bridge,Graytown,Victoria,5074,1964-04-04,25/08/2021,inactive
14,Jennifer Martin,jennifer.martin@gmail.com,+61 429569450,Level 2 096 Chapman Colonnade,East Jennifer,Queensland,2304,"March 26, 1961",19/09/2021,0
356,Jeremy Guerrero,jeremy.guerrero@gmail.com,0489 018926,7/41 Webb Run,East Andrealand,New South Wales,2991,"September 15, 1987",28/10/2023,active
469,Karen Ferguson,,(04) 0988-1589,Flat 92 2 Henry Strand,West Robert,Queensland,2520,30/09/1974,20/12/2024,EXP
445,Susan Bowman,susan.bowman@gmail.com,0411 504093,4 Weber Sound,Georgeview,Australian Capital Territory,0999,1975-12-23,"July 28, 2021",inactive
415,Sean Santos,,0453 492726,Unit 59 0 Christopher Path,East Angelica,Australian Capital Territory,2365,24/05/2001,"March 04, 2026",N
406,Roy Rowland,roy.rowland@gmail.com,(04) 7687-6163,1 Suzanne Outlook,Amymouth,Northern Territory,2919,"March 20, 1992",20/09/2025,EXP
5,David Garza,,0469 431288,87/74 Brian Dell,Christopherton,Australian Capital Territory,2950,1986-10-02,"June 16, 2023",active
41,Jamie Weaver,jamie.weaver@gmail.com,(04) 4580-7861,477 Smith Run,Thomasberg,Tasmania,9032,"January 22, 1997",2021-12-30,EXP
195,Nicole Davis,nicole.davis@gmail.com,0409087470,88 Ann Crossroad,Andersonshire,Western Australia,9826,09/05/1967,21/12/2025,Yes
425,Stephen Fields,stephen.fields@gmail.com,0472438225,Flat 43 5 Wheeler End,New Jared,South Australia,2003,"January 08, 1991","February 01, 2022",Y
378,Antonio Blackburn,antonio.blackburn@gmail.com,0482431893,Suite 496 86 Felicia Garden,East Seth,Australian Capital Territory,6422,1960-07-26,"March 11, 2022",No
109,Melissa Moreno,melissa.moreno@gmail.com,0493754828,52 Lisa Front,Andrewshire,Australian Capital Territory,2982,"December 25, 1973",2024-02-06,Expired
145,Erika Baker,,(04) 5987-3413,310/04 Nelson Top,Port Scottchester,Queensland,2423,1997-11-20,20/05/2021,expired
270,Anne Burgess,anne.burgess@gmail.com,+61 403142524,2/9 Teresa Boulevard,Williamchester,Victoria,2624,23/05/1962,01/02/2025,Yes
494,Amy Beck,amy.beck@gmail.com,0486120415,1 Bailey Expressway,St. Wayne,Queensland,2628,1993-08-27,"December 14, 2023",Expired
157,Adrienne Greene,,+61 480485131,Level 5 9 Warner Quay,Griffinton,New South Wales,3260,"December 10, 1965",19/11/2021,EXP
188,Taylor Johnson,taylor.johnson@gmail.com,+61 452160905,140/00 Everett Roadside,Michaelmouth,Victoria,2663,1979-05-26,"January 14, 2025",expired
334,John Smith,john.smith@gmail.com,+61 492445038,Suite 386 05 Johnson Gap,West Samueltown,Western Australia,0262,14/04/1985,2021-06-23,1
19,Tammy Carson,,+61 497755523,4 John Dip,Grimesbury,Queensland,2126,"June 17, 1965",2023-07-20,Expired
441,Krista Harmon,krista.harmon@gmail.com,0474 620218,Unit 34 5 Jorge End,South Kaitlyn,South Australia,2868,"October 29, 1981","September 19, 2022",N
338,Kevin Ball MD,kevin.ball.md@gmail.com,0417459607,6/34 Heidi Break,Tammyville,Tasmania,2687,12/07/1997,2022-03-21,EXP
171,Joshua Pacheco,joshua.pacheco@gmail.com,+61 446524299,70 Timothy Trunkway,North Katherine,Northern Territory,1420,28/01/1991,2024-09-12,No
194,Alicia Powell,,(04) 1463-4894,076 Adams Drive,South Christopher,Queensland,2991,"October 05, 1967",2021-07-16,active
274,Abigail Hughes,,0435606065,0 Moore Vista,Lake Tammyland,Tasmania,2661,1973-06-07,2022-09-08,ACTIVE
236,Amanda Anderson,,,625 Maynard Walk,Phillipsborough,Western Australia,2267,30/03/2000,"February 17, 2024",0
284,Jonathan Thomas,,(04) 4096-4628,Level 6 6 Medina Mew,South Raymond,South Australia,2944,21/02/1995,2025-09-20,ACTIVE
497,Beth Wise,beth.wise@gmail.com,+61 499253929,Level 5 7 Gordon Key,Lake John,Western Australia,2762,2004-01-28,"November 22, 2024",ACTIVE
390,Jacob Hicks,jacob.hicks@gmail.com,0483046360,Unit 70 2 Thornton Villas,South Sharon,Tasmania,2946,1979-03-24,2022-11-07,expired
269,Brittany Hughes,brittany.hughes@gmail.com,0448 887701,11 Warren Close,Freemanfort,Tasmania,2848,"December 09, 1992",2024-10-02,inactive
290,Jesse Chapman,jesse.chapman@gmail.com,0463 409612,6/98 Daniels Rotary,New Michele,Western Australia,2993,1964-03-22,26/06/2024,ACTIVE
17,Alexandra Hernandez,alexandra.hernandez@gmail.com,,20 Jason Walk,South Danielport,Queensland,6313,04/01/1970,"November 10, 2021",N
198,Jill Hester,jill.hester@gmail.com,0416 603541,93 Shawn Circle,Port Amandashire,Northern Territory,2649,30/05/1998,17/04/2023,Active
397,Patricia Rangel,,0411958876,Apt. 324 4 Arnold Promenade,Laurashire,Western Australia,2617,"July 16, 1980",16/07/2025,active
187,Sarah Atkins,sarah.atkins@gmail.com,(04) 9944-7730,Apt. 973 5 Roger Brow,Steinmouth,New South Wales,2290,13/08/1969,2021-06-26,Y
83,Brian Allen,brian.allen@gmail.com,0439603487,6 Wiggins Firetrail,Lynchborough,New South Wales,2986,08/09/1996,2025-04-16,active
229,Angela Rice,angela.rice@gmail.com,(04) 9824-0399,628/2 Smith Walkway,Port Christopher,Queensland,2697,"December 16, 2001",2023-09-08,1
106,Stephanie Adams,stephanie.adams@gmail.com,0441379537,Flat 43 52 James Brae,Lindafurt,Western Australia,2923,10/06/1975,2021-06-10,active
293,Jeff Nolan,jeff.nolan@gmail.com,(04) 3994-7004,833 Kenneth Mew,Feliciatown,Victoria,2920,1977-09-05,"May 18, 2024",expired
90,Nancy Smith,nancy.smith@gmail.com,0473299531,18 Boyd Court,Cainfort,Queensland,2304,07/10/1991,2021-07-06,expired
180,Daniel Hernandez,daniel.hernandez@gmail.com,0471723584,27 Deanna Cross,Wendyville,Queensland,2956,1989-02-07,13/10/2023,Inactive
405,Pamela Collins,pamela.collins@gmail.com,0491178800,2/594 Herrera Hill,Guzmanberg,Australian Capital Territory,2920,"July 08, 1972","October 23, 2023",Y
52,Lindsay Richards,lindsay.richards@gmail.com,(04) 7248-6066,3 Carolyn Lower,Harrisstad,Australian Capital Territory,8398,02/10/2007,05/02/2024,No
254,Juan Hernandez,juan.hernandez@gmail.com,+61 415240041,Level 9 89 Lopez Key,North Travis,Queensland,2933,1976-04-30,2023-06-06,ACTIVE
101,Gabriel Jones,gabriel.jones@gmail.com,0443 322407,Level 8 5 David Junction,Ryanhaven,Northern Territory,2694,"April 13, 1964","August 17, 2021",EXP
63,Melanie Fisher,melanie.fisher@gmail.com,+61 442186116,Level 3 06 Williams Crossroad,Randyfort,New South Wales,6303,"August 04, 1994",2025-06-28,Inactive
473,Randy Gallegos,,(04) 1794-4595,Flat 18 969 Wagner Piazza,West Joannburgh,Western Australia,2615,18/08/1968,"July 06, 2024",Inactive
237,Laura Wright,laura.wright@gmail.com,,Apt. 442 49 Emily Lees,Port Michaelbury,Western Australia,9918,09/02/1972,2024-12-08,ACTIVE
437,Nicole Clay,nicole.clay@gmail.com,0450 930579,50 Perry Vale,New Vanessatown,Tasmania,2907,2000-10-08,12/10/2021,Inactive
452,Ronald Hopkins,ronald.hopkins@gmail.com,,Suite 677 609 Daniel Drive,South Christopher,Tasmania,2688,"January 03, 1964",03/06/2024,inactive
111,Michael Mack,michael.mack@gmail.com,0434557848,99 Laura Rosebowl,South Danielle,Queensland,0856,23/10/1990,2025-06-29,Expired
479,David Espinoza,,+61 478542577,Apt. 824 3 Bush Centreway,North Luke,South Australia,2616,26/04/1999,2021-08-30,Expired
489,Katelyn Gonzalez,katelyn.gonzalez@gmail.com,(04) 2996-2400,089/4 Wells Trunkway,South Patrick,Tasmania,2090,16/06/1962,"April 06, 2022",Expired
493,Taylor Kelley,taylor.kelley@gmail.com,0408066431,048 Coleman Ridgeway,Walkershire,South Australia,2973,13/02/1969,"February 14, 2026",active
318,Catherine Freeman,catherine.freeman@gmail.com,+61 478379165,351 Kyle End,West Tracymouth,Victoria,2685,"October 24, 1997",2024-12-11,No
92,Timothy Bullock,timothy.bullock@gmail.com,0485 197488,452/8 Monica Glade,Freemanborough,Victoria,2619,1980-10-30,"April 23, 2025",Expired
221,Jennifer Perez,jennifer.perez@gmail.com,(04) 5808-8270,Unit 16 6 Stein Court,Stephenschester,Australian Capital Territory,2979,"June 04, 1984","January 28, 2023",active
294,Julia Conrad,julia.conrad@gmail.com,+61 428521978,Unit 69 2 Jason Bridge,Erictown,New South Wales,5826,1972-11-28,"August 23, 2024",active
304,Jennifer Washington,,0477 687270,573 Bryant Slope,Crystalside,Tasmania,2627,"November 29, 1963","April 22, 2025",expired
121,Jeffrey Johnson,jeffrey.johnson@gmail.com,+61 476621355,01/8 Haley End,Justinville,Tasmania,2292,30/01/1988,2023-11-18,inactive
250,Eric Knapp,eric.knapp@gmail.com,+61 443869360,6 Escobar Court,Port Sarahbury,Western Australia,2650,"July 26, 1969","June 24, 2021",No
103,Leah Ramirez,,,46/693 Megan Plateau,Jocelynland,Northern Territory,2921,19/04/1975,18/07/2025,0
416,Brian Bowman,brian.bowman@gmail.com,0404 428405,Flat 51 927 Cardenas Little,South Chadburgh,Western Australia,0297,08/08/1992,2025-12-26,inactive
29,Joseph Bowman,joseph.bowman@gmail.com,(04) 1480-2390,Suite 777 2 Colleen Round,Rodneyton,Western Australia,2973,1982-03-29,10/05/2023,EXP
72,Selena Taylor,selena.taylor@gmail.com,,08/605 Courtney Vale,Robertmouth,Victoria,2519,"September 01, 1968","March 21, 2026",1
310,Anna Hill,anna.hill@gmail.com,0402 367182,717 Hall Roadway,Lake Diane,Queensland,0926,15/06/1975,"January 19, 2022",EXP
392,Jessica Montgomery,jessica.montgomery@gmail.com,+61 465127400,04 Johnson Stairs,West Angelicabury,New South Wales,2671,"September 28, 1965",21/05/2024,active
82,Daniel Kelly,daniel.kelly@gmail.com,0410009975,Apt. 665 275 Romero Vale,Lake Melissaside,Australian Capital Territory,2676,25/03/2003,02/08/2021,ACTIVE
6,Jennifer Smith,,0453471756,248 Burton Run,Jessicaborough,South Australia,0841,1984-05-04,"May 24, 2025",Expired
141,Robert Galvan,robert.galvan@gmail.com,+61 451973377,7 Deleon Tollway,New Brentfurt,Western Australia,2567,"November 26, 1997",26/12/2024,EXP
286,Patrick Martinez,patrick.martinez@gmail.com,0414 533870,4 Reed Top,North Michael,Queensland,5519,20/08/1981,2024-09-27,No
191,Autumn Garrett,autumn.garrett@gmail.com,(04) 3334-7136,099 Victoria Piazza,New Pamela,Tasmania,3309,1964-11-20,"August 30, 2025",expired
326,Anthony Wilson,anthony.wilson@gmail.com,0455751372,8/953 Wong Row,St. Joanna,South Australia,0969,13/09/2001,24/06/2021,0
126,Adrian Chavez,adrian.chavez@gmail.com,,Apt. 662 90 Pruitt Tarn,St. Brandi,Australian Capital Territory,2678,1993-01-15,"July 12, 2021",EXP
105,Robert Wilson,robert.wilson@gmail.com,+61 459420312,037 Moss Brow,Middletonville,Victoria,2985,1972-12-17,30/11/2025,1
223,Erin Jordan,erin.jordan@gmail.com,+61 446518812,33/9 Elizabeth Retreat,Beltranhaven,South Australia,2810,"November 05, 1994",26/07/2022,0
455,David Orr,david.orr@gmail.com,0408316131,9 Lucero Court,West Timothy,Queensland,5369,02/09/1986,02/10/2021,Inactive
162,Craig Fuller,craig.fuller@gmail.com,(04) 0232-5855,61 Romero Pass,Rhondahaven,New South Wales,2585,24/12/1995,01/09/2025,EXP
136,Christopher Fowler,christopher.fowler@gmail.com,0462903277,978/448 Stark Tollway,Hardyhaven,Western Australia,2628,"July 07, 1970",24/09/2023,expired
381,Jessica Williams,jessica.williams@gmail.com,0427 645396,164 Reynolds Pathway,South Lisaton,New South Wales,2612,"September 03, 1988","May 04, 2022",Active
302,John Atkinson,john.atkinson@gmail.com,(04) 9943-3150,Level 4 3 Juan Trunkway,Jaytown,Australian Capital Territory,0845,1995-11-30,"September 02, 2025",No
439,Joshua Berry Jr.,joshua.berry.jr.@gmail.com,+61 481996397,0/37 Rollins Triangle,South Brianna,Northern Territory,2998,09/09/1992,15/09/2022,EXP
235,Brandon Moody,brandon.moody@gmail.com,,216/3 Chad Gully,New Selenastad,Queensland,2605,06/04/1986,"October 11, 2022",Active
434,Johnny Mitchell,johnny.mitchell@gmail.com,0448740819,939 Chris State Highway,Mackenziehaven,Western Australia,2619,"May 24, 1961","November 26, 2024",EXP
168,Mary Pope,mary.pope@gmail.com,+61 466156820,036 Kristine Ring,Mitchellfurt,New South Wales,2217,"December 09, 1971",2023-04-03,inactive
129,Andrew Brown,,0485 451701,2 Susan Street,New Terry,Northern Territory,2918,2001-09-08,22/01/2023,expired
210,Vincent Smith,,(04) 3075-5970,452 Anna Wynd,East Suzannefort,Tasmania,2695,1986-08-24,"July 31, 2022",Expired
204,Jeffery Brown,jeffery.brown@gmail.com,0473767158,Level 3 144 Mckinney Loop,North Katrina,New South Wales,2619,04/03/2004,26/07/2024,Inactive
15,Sandra Myers,,(04) 1384-9921,Unit 20 4 Massey Ramp,Adriennechester,Australian Capital Territory,2666,11/08/1986,2026-01-28,Expired
300,Lindsey Petty,lindsey.petty@gmail.com,(04) 0332-0858,64 Elizabeth Piazza,West Meredithmouth,Western Australia,6841,"January 02, 1982","August 05, 2022",expired
260,Tammy Marshall,tammy.marshall@gmail.com,0471463866,7 Christopher Ramble,Acostafort,South Australia,8785,18/09/1970,2025-06-19,Inactive
273,Patrick Cox,patrick.cox@gmail.com,0461 770898,059/141 Stephanie Trunkway,Port Maxwellborough,Northern Territory,5355,2007-08-25,2024-04-20,inactive
384,Bailey Schmidt,,0454 219936,729 Joseph Quad,Shortchester,Northern Territory,4712,20/11/1983,2021-12-23,No
192,Craig Higgins,craig.higgins@gmail.com,(04) 9282-1455,5 Karen Glade,Port Randymouth,Western Australia,0870,"October 23, 2000",2025-04-10,EXP
275,Mark Pena,,0455621066,Apt. 176 58 Danny Glade,Tammystad,Victoria,2961,1961-07-04,2022-07-11,No
339,Rebecca Alvarez,rebecca.alvarez@gmail.com,0432 356713,0 Scott Cutting,East Dawnstad,South Australia,1594,"January 18, 1984",21/01/2025,N
87,Roy Williams,roy.williams@gmail.com,+61 414415943,110/025 Martin Highway,Crawfordport,Australian Capital Territory,2619,1991-01-03,27/01/2025,EXP
340,Joseph Carson,joseph.carson@gmail.com,0496069493,Apt. 025 31 Andrew Subway,Conleyborough,Western Australia,2608,"April 26, 1965",2025-10-27,EXP
197,Jennifer Melendez,,0446798167,728 John Extension,Smithport,Western Australia,2950,08/06/1960,2022-11-21,ACTIVE
457,Timothy French,timothy.french@gmail.com,(04) 3278-0516,5/2 Mccormick Point,Thomastown,Australian Capital Territory,9882,1984-04-03,"January 19, 2026",1
443,Daniel Coleman,daniel.coleman@gmail.com,+61 429506915,16 Wright Lees,South Melissamouth,South Australia,2446,1999-01-09,2022-11-14,N
266,Courtney Smith,courtney.smith@gmail.com,+61 443483849,537 Holt Tor,South Jackton,Australian Capital Territory,2485,2000-11-28,2021-12-24,Expired
70,Robin Adkins,robin.adkins@gmail.com,0498 283576,4 Michael Courtyard,Quinnburgh,South Australia,2676,"July 11, 1994",11/12/2022,EXP
314,Brenda Lopez,brenda.lopez@gmail.com,0438 347281,677 Cunningham Circuit,North Nancy,Queensland,2652,18/06/2004,2022-03-11,Yes
211,Megan Parker,megan.parker@gmail.com,(04) 0024-3329,Suite 825 5 Brandy Ramp,South Jessica,Western Australia,2327,"August 23, 1984",04/09/2021,Yes
230,Christopher Richardson,christopher.richardson@gmail.com,,Unit 15 15 Rebecca Street,Nicholastown,South Australia,0283,"December 16, 1963",2021-11-23,EXP
147,Dr. Derrick Strickland,dr..derrick.strickland@gmail.com,0416 830957,4/4 Amy Driveway,Ericberg,Australian Capital Territory,2016,1985-04-26,"October 04, 2023",active
47,Jennifer Villegas,,0458236510,Level 1 6 Walton Key,Cookland,Queensland,7602,21/11/2002,"January 11, 2024",EXP
332,Mr. Scott Ray,mr..scott.ray@gmail.com,+61 436102452,37 Jeffrey Amble,New Laura,Western Australia,2743,"October 31, 1971","November 11, 2025",Inactive
341,Richard Daniel,richard.daniel@gmail.com,0487781880,7 Stacy Lane,Smithmouth,Northern Territory,2963,1972-01-08,2023-09-28,Inactive
1,Jordan Smith,jordan.smith@gmail.com,0483674506,13 Payne Heights,West Kelly,Victoria,2366,1971-06-25,2023-02-19,expired
207,Brittany Ramirez DDS,brittany.ramirez.dds@gmail.com,0449 329577,Flat 01 237 Stafford Street,Mcconnellchester,Western Australia,2021,07/07/1965,2021-10-02,No
218,Leah Garcia,leah.garcia@gmail.com,0471 785819,574/659 Hartman Bend,New Ashley,Australian Capital Territory,2920,19/12/1996,24/09/2023,0
53,Joanna Knapp,,(04) 3368-8844,67 Janet Bridge,St. Meaganhaven,Northern Territory,2940,"January 24, 1996",2023-09-29,inactive
495,Bradley Johnson,bradley.johnson@gmail.com,0423036233,060 Phyllis Road,Christopherland,Queensland,9871,20/11/1995,"February 17, 2022",1
142,Whitney Morrison,whitney.morrison@gmail.com,(04) 1968-4741,Level 0 36 Bradley Centre,South Markchester,South Australia,2019,"November 01, 1974","September 19, 2021",Y
355,Dr. Chelsea Graham,dr..chelsea.graham@gmail.com,+61 494802949,48 James Viaduct,Ericksontown,Northern Territory,2601,1981-08-18,2023-08-30,EXP
331,Jonathan Herrera,,0484 218798,241/3 Douglas Crest,East Sarahfurt,Australian Capital Territory,5078,01/04/1965,2022-12-12,inactive
4,Christopher Mayo,christopher.mayo@gmail.com,0446 693397,Level 7 376 Thomas Path,Hallfurt,New South Wales,2997,2001-12-10,2025-09-04,Yes
114,Kelly Simpson,kelly.simpson@gmail.com,+61 499256863,9 Kyle Rosebowl,Hillbury,New South Wales,2702,19/04/1982,2023-12-09,active
50,Timothy Blankenship,,(04) 7079-6087,2 April Rest,Judyburgh,Queensland,2920,1991-03-30,"July 27, 2025",1
91,Jamie King,,(04) 7883-6729,3/14 Welch Strand,Kimberlyberg,Western Australia,5631,"October 19, 1960",2024-08-24,active
156,Christopher Jones,christopher.jones@gmail.com,0408 619794,Level 7 55 Erik Glen,Scottburgh,Queensland,5079,"December 30, 1989",2025-03-05,N
45,Christopher Cherry,christopher.cherry@gmail.com,(04) 6109-9299,5 Shelly Quad,West Austinchester,Western Australia,2923,1980-10-13,"February 15, 2025",expired
176,Thomas Mccormick,thomas.mccormick@gmail.com,,56 Melinda Deviation,Phillipstown,Australian Capital Territory,2016,26/04/1986,14/03/2026,expired
403,Edward Pennington,edward.pennington@gmail.com,+61 450565716,580 Anderson Walkway,Smithbury,Queensland,2939,20/10/1985,16/09/2024,active
169,Carolyn Smith,carolyn.smith@gmail.com,0400 300792,38 Barrett Roadside,West Jimmyview,Victoria,3759,"February 07, 1978",18/09/2021,ACTIVE
99,Brandi Garcia,brandi.garcia@gmail.com,0487 278635,665 Jimmy Causeway,Bassburgh,Victoria,2909,1973-12-21,2024-12-24,Inactive
432,Theresa Cooper,theresa.cooper@gmail.com,(04) 4589-9598,8 Stokes Close,New Stephen,Queensland,2920,"April 23, 1998","July 14, 2024",Yes
164,Randy Johnson,randy.johnson@gmail.com,0457 451994,Level 4 98 Carlos Quay,West Ethanburgh,Northern Territory,2619,"October 18, 1998",2025-11-04,No
261,Sandra Swanson,sandra.swanson@gmail.com,0442862772,26 Wang Point,Fergusonhaven,Queensland,0943,04/12/1989,11/07/2023,EXP
374,Andrew Chandler,andrew.chandler@gmail.com,+61 468740220,Suite 288 086 Robert Rest,St. Cynthia,Victoria,2932,29/06/1997,2022-07-29,Yes
104,John Hernandez,john.hernandez@gmail.com,0453249027,53/1 Lutz Roads,Chambershaven,Queensland,2624,1964-05-14,2021-09-27,Yes
468,Tiffany Wong,tiffany.wong@gmail.com,,Apt. 249 1 Jeffery Byway,St. Ashley,Northern Territory,2926,"January 30, 1991",13/06/2022,EXP
119,Michael James,michael.james@gmail.com,0462916843,3 Thompson Block,Suttonshire,Tasmania,2864,1974-05-15,04/06/2024,Expired
463,Rebecca Reeves,rebecca.reeves@gmail.com,+61 460304497,3 Patricia Street,East Raymondbury,Tasmania,2578,"February 13, 2002",2022-02-06,active
13,Darlene Martinez,darlene.martinez@gmail.com,0437731037,39 Emily Row,Wardmouth,Australian Capital Territory,2131,"January 15, 1984","February 25, 2026",Y
102,Brittney Fitzgerald,brittney.fitzgerald@gmail.com,(04) 7065-7937,Flat 61 114 Russell Bypass,Cynthiashire,Western Australia,7145,1967-11-18,03/12/2022,N
297,Rhonda Patton,rhonda.patton@gmail.com,0453 556571,8 Jones Vale,St. Russell,Australian Capital Territory,2683,14/12/1993,"February 17, 2023",ACTIVE
69,Casey Davis,casey.davis@gmail.com,(04) 0828-0074,Flat 53 41 Jill Mews,Robinsonfort,Victoria,2981,"September 02, 2007","February 17, 2024",Yes
24,Kristy Miller,kristy.miller@gmail.com,(04) 5817-0794,82 Taylor Meander,South Dylanport,Tasmania,2604,2003-08-30,05/01/2026,No
345,Richard Perez,richard.perez@gmail.com,0458 551182,Unit 25 01 Moore Junction,St. Tonyamouth,Queensland,2603,"December 27, 1967","December 16, 2025",Y
459,Scott Ballard,scott.ballard@gmail.com,(04) 2494-7773,7 Austin Corso,North Anthonymouth,Western Australia,2395,2002-10-06,"February 17, 2026",Yes
88,Christine Hunt,christine.hunt@gmail.com,,2 Lindsey Strip,Lake Melanie,New South Wales,0238,"June 18, 1968",2021-09-27,ACTIVE
216,Abigail Brown,abigail.brown@gmail.com,+61 410073658,Apt. 158 264 Erin Rue,Joseport,South Australia,2910,"June 10, 1972",2026-01-03,expired
149,Adrian Lambert,,0406755764,06/825 Abbott Triangle,North Jamesmouth,Tasmania,2676,"March 10, 1980",2025-10-01,Active
148,Andrea Rivera,andrea.rivera@gmail.com,+61 448115931,173/359 John Foreshore,Port Kimberly,New South Wales,1578,05/12/1983,"March 15, 2022",No
259,Christopher Ward,christopher.ward@gmail.com,0416076387,528/4 Todd Dale,North Kellyport,Northern Territory,7885,2001-07-23,"June 21, 2021",expired
492,Nathan Santana,nathan.santana@gmail.com,(04) 3365-9391,826/88 Thomas Vista,North Breannaport,Queensland,7542,18/06/1992,"March 04, 2022",inactive
43,Thomas Gutierrez,thomas.gutierrez@gmail.com,+61 492876228,Apt. 215 850 Thompson Wynd,St. Corymouth,New South Wales,2967,"July 01, 2004","December 23, 2025",ACTIVE
451,Ashley Morgan,ashley.morgan@gmail.com,+61 422839934,967/23 Reeves Run,Rachelview,South Australia,2925,"June 12, 2000","June 10, 2021",ACTIVE
474,Sarah Martin,sarah.martin@gmail.com,0468 598714,7 Dennis Ring,Port Robert,New South Wales,2605,25/06/2000,"December 11, 2024",Expired
10,Caroline Ellison,caroline.ellison@gmail.com,+61 418180881,Flat 03 988 Stone Pass,Beanmouth,Northern Territory,2601,1994-11-30,16/05/2021,Expired
347,Brenda Hogan,brenda.hogan@gmail.com,0419214550,43 Paul Triangle,East Robert,Tasmania,0276,"November 28, 1990","March 22, 2023",active
173,Vincent Thompson,vincent.thompson@gmail.com,0478 425320,87 Christine Esplanade,East Benjamin,Northern Territory,7714,20/07/1971,2021-05-07,No
419,John Fernandez,john.fernandez@gmail.com,0486028709,Level 7 261 Randy Crescent,Huangland,Australian Capital Territory,2345,09/02/2008,2021-08-30,Inactive
28,Kristin Edwards,kristin.edwards@gmail.com,+61 403517134,54 Martin Centreway,Brownton,Australian Capital Territory,2999,06/08/2004,"October 24, 2023",Expired
319,Steven Flores,steven.flores@gmail.com,0431520857,3 Day Key,St. Susan,South Australia,2991,"June 07, 1963",2025-11-27,N
431,William Wheeler IV,william.wheeler.iv@gmail.com,0422 258259,Unit 86 6 Jones Chase,Kennedyshire,Victoria,2908,28/08/1991,09/05/2023,EXP
98,Alexandra Burnett,alexandra.burnett@gmail.com,+61 484793277,37 Kent Extension,St. Heather,Western Australia,2639,13/09/1972,"November 01, 2025",1
86,John Gonzalez,john.gonzalez@gmail.com,0442909559,Level 4 6 Robert Trunkway,Allenport,New South Wales,2671,1979-03-26,"February 18, 2025",0
402,Anna Barnes,anna.barnes@gmail.com,0463 159706,5 Heather Track,Sueville,Queensland,2603,1994-02-22,"December 10, 2025",Y
500,Sean Murphy,sean.murphy@gmail.com,(04) 1725-3062,764 Chapman Cul-de-sac,Joseport,South Australia,4800,"February 18, 2002",2021-12-31,1
465,Madeline Ramirez,madeline.ramirez@gmail.com,0489108186,Level 7 63 Castillo Entrance,St. Ianville,New South Wales,2255,"July 19, 2003",2024-12-04,1
190,Michael Randolph,michael.randolph@gmail.com,+61 409344617,664 Hill Laneway,Lake Amandaport,New South Wales,2943,1988-03-15,18/01/2025,1
246,Donna Daniels,donna.daniels@gmail.com,0451 773580,823 Janice Right Of Way,Port Ryanshire,Northern Territory,2604,"March 10, 2008",11/02/2026,Inactive
496,Shirley Kent,,(04) 5540-6495,10 Harper Estate,Victormouth,Queensland,2614,1986-11-18,2021-11-12,inactive
20,Katherine Hayes,katherine.hayes@gmail.com,+61 493834513,1 Timothy Flat,St. Lauraport,New South Wales,2670,07/04/1982,"November 28, 2021",inactive
199,Kristin Calderon,kristin.calderon@gmail.com,0489 277385,Apt. 361 8 Rollins Interchange,Christopherport,Australian Capital Territory,1368,1972-08-25,01/05/2022,0
306,John Randall,john.randall@gmail.com,0479472484,Unit 37 77 Mullins Footway,Dennisberg,Australian Capital Territory,2623,25/01/1961,06/07/2025,Expired
324,James Pugh,james.pugh@gmail.com,(04) 7295-9201,Apt. 866 9 Watson Crescent,Davidhaven,Tasmania,0298,1962-02-08,"March 03, 2022",expired
108,Vickie Smith,vickie.smith@gmail.com,0459 453965,97 Thomas Circlet,East Jeff,Australian Capital Territory,2980,"August 31, 1981",13/07/2023,inactive
321,Robert Douglas,robert.douglas@gmail.com,+61 433491625,156 Horn Place,Courtneyberg,Northern Territory,2962,1982-10-30,14/09/2021,Expired
89,Taylor Fleming,,0442677879,939 Brewer Artery,Port Sonyamouth,New South Wales,2688,25/04/1980,03/09/2022,No
239,Craig Rhodes,craig.rhodes@gmail.com,0402401881,Suite 567 452 Reginald Centre,North Beverly,Tasmania,2481,"May 30, 1961",28/11/2025,Active
409,Vicki Taylor,,,Flat 41 1 Kenneth Rosebowl,Hilltown,Northern Territory,2936,07/10/1989,27/06/2022,active
481,James Smith,james.smith@gmail.com,(04) 2956-6942,8/024 Manning Freeway,Sherylborough,Northern Territory,2946,"April 05, 1991","December 14, 2025",expired
470,Jesse Gonzalez II,jesse.gonzalez.ii@gmail.com,+61 479911350,Level 9 76 Hamilton Pathway,Harrisonmouth,New South Wales,0219,1994-03-29,16/01/2024,ACTIVE
375,Heather Baker,,0416750134,Suite 805 1 Newton Circlet,Martinfort,South Australia,1545,"January 16, 1982",06/04/2025,EXP
488,Randall Rios,randall.rios@gmail.com,+61 458878727,Level 5 3 Riley Avenue,New Beth,Western Australia,3255,1973-01-06,2023-01-30,Y
172,Lauren Perez MD,,0405086328,16/9 Wong Loop,South Dana,Western Australia,2313,23/04/2008,06/03/2023,Inactive
97,Robert Montoya,robert.montoya@gmail.com,(04) 1234-1152,40/4 Marcus Highway,Shawnfort,Tasmania,6500,"August 27, 1960",12/10/2023,inactive
398,William Baldwin,,0451 330748,13 Sanchez Walk,New Edward,Victoria,0896,15/05/1995,2024-09-03,active
391,Steven Rocha,steven.rocha@gmail.com,0468 525606,12 King Mall,New Kevinshire,Queensland,2640,24/01/1992,"October 09, 2024",active
253,Michael Robinson,michael.robinson@gmail.com,0497 507465,Suite 930 3 Jose Expressway,Jamesmouth,Victoria,1640,07/03/1994,"September 26, 2025",Active
464,Steven Walsh,steven.walsh@gmail.com,+61 435836001,2/4 Smith Corso,Jeffreyland,New South Wales,1694,1966-08-09,"May 09, 2025",inactive
400,Michael Daniels,michael.daniels@gmail.com,,96 Morales Firetrail,Gardnerstad,New South Wales,2676,2001-04-05,"October 18, 2021",ACTIVE
377,Kevin Weber,kevin.weber@gmail.com,0477 939759,82 Welch Place,Victorstad,New South Wales,2697,19/09/1967,28/09/2024,Expired
252,Michael Delgado,,0482907540,Suite 431 22 Ryan Driveway,Ericaport,Tasmania,2046,24/04/1981,"July 05, 2022",Expired
205,Anthony Morales,anthony.morales@gmail.com,+61 409841976,Flat 87 929 Kelley Anchorage,Marymouth,Victoria,2693,1973-07-06,2025-06-07,active
243,Sophia Ruiz,sophia.ruiz@gmail.com,(04) 9351-8024,Level 0 155 Jones Frontage,North Samuelfurt,Northern Territory,2619,"November 30, 2006","February 11, 2023",ACTIVE
423,Michael Ford,michael.ford@gmail.com,,0 Ball Grange,North Matthew,New South Wales,7782,14/02/1966,2024-04-06,expired
410,Anthony Manning,,(04) 4730-1962,679 Frank Vista,Carterstad,Western Australia,2605,20/12/1962,21/03/2026,EXP
115,Susan Crosby,,(04) 8639-3723,865 Brandon Brow,New Lindabury,Northern Territory,2920,2005-06-24,24/12/2022,expired
446,Renee Castillo DVM,,0431 309113,31 Kayla Fairway,Emilyview,Victoria,0876,17/06/1966,31/08/2025,Yes
127,Mitchell Hall,mitchell.hall@gmail.com,0411476279,882 Kelly Wade,South Scott,Australian Capital Territory,2469,26/04/1983,"March 27, 2023",EXP
395,Derek Davis,derek.davis@gmail.com,+61 402923847,959 Amanda Close,Jasonland,Victoria,2920,2007-06-19,"November 25, 2022",Active
280,Brenda Jones,brenda.jones@gmail.com,(04) 2811-0442,0 Larry Triangle,Cynthiatown,Northern Territory,4092,14/02/1995,07/04/2025,Expired
213,Valerie Burke,,(04) 1149-2834,194 Lowe View,North Jaredmouth,Queensland,2062,"August 31, 2006","September 25, 2024",expired
435,Jim Garza,jim.garza@gmail.com,(04) 9836-2523,7 Angela Reserve,Acostashire,Queensland,2260,1987-01-03,28/05/2025,0
244,Amy House,amy.house@gmail.com,0420 540417,Flat 88 856 Austin Gates,South Ericmouth,Victoria,2924,17/07/1977,2024-05-08,Active
224,David Marshall,,,6 Maddox Break,Melindaberg,Tasmania,2936,1978-09-05,31/10/2024,Expired
263,Richard Yang,richard.yang@gmail.com,0432 639809,556 Harrington Turn,South Ronald,Victoria,2150,10/06/1982,"May 21, 2022",ACTIVE
178,Nicholas Morales,nicholas.morales@gmail.com,(04) 3898-3713,913 William Cove,Meyerstad,Northern Territory,2678,05/03/2001,15/04/2022,No
370,Andres Lopez,andres.lopez@gmail.com,0492 218287,Flat 55 4 Smith Tarn,Hernandezfurt,Australian Capital Territory,2909,"December 18, 1991",2026-01-08,expired
385,Willie Richardson,willie.richardson@gmail.com,(04) 4427-0548,4 Williams Gates,St. Samuel,Western Australia,0870,03/01/1963,"September 03, 2022",No
64,James Campbell,james.campbell@gmail.com,0405717475,Flat 96 652 Martin Driveway,West Jeffrey,Victoria,8408,"June 26, 1978",09/03/2023,Inactive
161,Vincent Huerta,vincent.huerta@gmail.com,+61 409880033,8/9 Golden Ramp,Moorefort,Tasmania,0987,"May 23, 1978","August 19, 2023",No
256,John Martin,john.martin@gmail.com,,609 Harris Run,Andersonbury,Australian Capital Territory,2730,19/06/1972,"May 08, 2022",N
31,Michael Jimenez,,+61 432921488,Unit 39 266 Mejia Place,North Jessicafort,Australian Capital Territory,2745,02/03/1988,22/10/2022,N
379,Kathy Spears,kathy.spears@gmail.com,,74 Nelson Copse,Hicksmouth,Australian Capital Territory,5475,28/02/1983,27/04/2022,Y
34,Kathryn Bell,kathryn.bell@gmail.com,0432 154109,82 John Terrace,Lake Benjaminhaven,Victoria,2728,17/04/1975,"May 29, 2023",active
76,Robert Navarro,robert.navarro@gmail.com,0424108380,Level 1 260 Chapman Ground,New Natalie,South Australia,3571,20/06/1980,"July 09, 2023",active
137,Tiffany Velazquez,tiffany.velazquez@gmail.com,0447 118649,5 Jeanette Glade,Port Jamesside,Australian Capital Territory,2633,06/09/1990,16/08/2021,EXP
66,Matthew Barrett,matthew.barrett@gmail.com,+61 459567096,1 Christensen Crescent,South Emily,Northern Territory,2989,1997-07-23,2025-02-20,No
487,John Hatfield,john.hatfield@gmail.com,,Apt. 029 0 Cummings Boulevard,Sarahview,South Australia,2691,"April 04, 1962",2022-07-10,expired
277,Dana Norton,dana.norton@gmail.com,0474668831,Unit 37 592 Edwards Green,South Candace,Victoria,6072,13/04/1977,2022-11-19,Expired
354,Daniel Castillo,daniel.castillo@gmail.com,0453 474153,628 Shannon Freeway,South Andrewmouth,Western Australia,7275,16/07/2001,2026-04-13,EXP
234,Janet Bradley,janet.bradley@gmail.com,0403 664984,00 Carly Footway,Grahambury,Tasmania,2218,1980-11-28,2022-08-07,1
74,Andrea Ferguson,andrea.ferguson@gmail.com,+61 472014392,610/56 Hall Deviation,South Christopher,Western Australia,3518,22/12/1965,2021-06-26,inactive
429,Matthew Henry,matthew.henry@gmail.com,,5/597 Heather Rosebowl,St. Rachel,Western Australia,2651,"August 10, 1991","June 24, 2024",inactive
212,Marvin Ortega DDS,marvin.ortega.dds@gmail.com,0456 651574,9/19 Hill Driveway,New Chad,Western Australia,2672,"July 17, 1991",25/09/2024,expired
189,Mark Steele,mark.steele@gmail.com,+61 411497966,35 Rachel Rest,West Davidland,Western Australia,2292,1980-04-01,26/12/2025,Yes
299,Carla Guerrero,carla.guerrero@gmail.com,0451872374,561 Shannon Street,St. Lisa,Western Australia,2990,26/03/1992,17/08/2021,EXP
26,Lisa Phillips,,+61 443949761,69 Brandon Basin,South Anita,Northern Territory,4695,1992-06-02,"March 06, 2024",Active
122,Edward Reyes,,+61 492696879,6 Derrick Basin,Nicoleland,Australian Capital Territory,2947,1995-11-21,14/09/2021,inactive
396,William Brown,william.brown@gmail.com,0495099314,787/774 Taylor Roadside,Bautistamouth,South Australia,0837,1982-10-11,10/10/2021,active
222,Colton Gomez,colton.gomez@gmail.com,+61 402276659,Apt. 681 6 Lisa Quad,South Richard,Queensland,0962,"August 21, 2003","May 26, 2022",EXP
393,Tony Gilbert,tony.gilbert@gmail.com,0468138584,Level 3 78 Francisco Artery,East Juanview,Tasmania,2823,23/07/1976,11/02/2024,Expired
138,Joseph Alvarez,joseph.alvarez@gmail.com,0423824489,Suite 244 3 Sara Crescent,East Jessica,Tasmania,9136,04/07/1999,2025-09-28,No
61,Kelly Weaver,kelly.weaver@gmail.com,0434 965317,Suite 248 8 Alex Crossway,North Eric,South Australia,2661,2003-09-14,2022-02-06,0
471,Katelyn Rangel,katelyn.rangel@gmail.com,0415106518,4 Hines Centreway,South Mariastad,South Australia,6644,"August 13, 2007",09/07/2024,Inactive
238,Theresa Bradshaw,theresa.bradshaw@gmail.com,0414 498238,81 Lambert Street,Acostamouth,Western Australia,2952,"February 02, 1995","April 01, 2025",Active
257,Ricky Alexander,ricky.alexander@gmail.com,(04) 9842-4757,Unit 19 4 Katherine Viaduct,Tylerbury,Western Australia,9012,29/03/1972,23/10/2024,expired
247,Cassandra Roberts,,0445 758015,Suite 553 732 Benjamin Round,Michaelhaven,Northern Territory,2787,"January 15, 2000",2021-06-16,Expired
44,Michael Navarro,michael.navarro@gmail.com,(04) 6612-0797,56 Carroll Plaza,Lake Nicole,Western Australia,2404,20/01/1981,14/06/2024,EXP
313,Alexander Herrera,alexander.herrera@gmail.com,0437495033,Suite 245 90 Megan Courtyard,South Adam,Northern Territory,0253,07/03/1974,16/11/2021,No
272,Joseph Kerr,joseph.kerr@gmail.com,,6 Glass Cross,Angelamouth,Queensland,2499,1976-11-20,02/11/2023,Inactive
450,Anna Smith,anna.smith@gmail.com,0492 994069,8 Yoder Ride,Susanhaven,Victoria,2814,"June 06, 1998",2022-02-02,No
182,Kimberly Cook,kimberly.cook@gmail.com,0424979903,004/8 Zachary Way,South Yvonne,Western Australia,6357,13/10/1979,"December 29, 2024",EXP
35,Krystal Moore DVM,krystal.moore.dvm@gmail.com,(04) 4728-3741,Level 0 64 Amy Formation,West Jason,Australian Capital Territory,2672,27/04/1973,"November 14, 2024",Yes
231,Michelle Freeman,michelle.freeman@gmail.com,0496 613813,0 Haynes Highroad,Snyderport,Queensland,2932,1962-08-24,03/12/2023,Expired
346,Kristi Thornton,kristi.thornton@gmail.com,0453075222,1 Julie Square,Liufurt,Victoria,2151,"March 09, 1970","September 07, 2021",expired
320,Deborah York,deborah.york@gmail.com,0486 806939,960 Dana Little,Dayhaven,Victoria,4406,1975-01-17,2024-08-23,EXP
371,Lisa Roberts,lisa.roberts@gmail.com,+61 478390667,343 Green Motorway,Jameschester,New South Wales,2900,"November 14, 1999","September 08, 2021",EXP
448,Peter Sanford,peter.sanford@gmail.com,0469 418658,3 Lloyd Thoroughfare,Shannontown,Northern Territory,2680,27/08/1993,2021-05-28,active
220,William Bright,william.bright@gmail.com,(04) 1915-9862,Unit 93 8 May Ring,Marissahaven,Australian Capital Territory,2255,05/06/1985,"May 25, 2021",Active
57,Karen Price,,(04) 9820-4509,Flat 81 11 Grimes Roadside,North Jonathonstad,Queensland,7729,"November 19, 1996",2022-06-30,ACTIVE
167,Melissa Smith,melissa.smith@gmail.com,(04) 2160-3418,61 Donald Lane,Franklinton,New South Wales,3890,"August 02, 1965","August 14, 2025",Expired
206,Ronald Morrison,,+61 429959168,6 Thomas Causeway,Holtview,Northern Territory,2114,1986-03-29,"December 25, 2021",EXP
440,Brandon Ferguson,brandon.ferguson@gmail.com,+61 416701147,32/24 Zachary Highway,Lopezfort,Victoria,2910,"April 11, 1996",16/01/2022,N
209,Ashley Matthews,,0435028570,914/006 Amanda Cul-de-sac,Carlaview,New South Wales,2754,11/12/1995,08/12/2021,Inactive
37,Kimberly Parker,,0494393260,Level 7 84 Patricia Ronde,Ashleeburgh,Tasmania,2992,1970-06-28,"October 20, 2023",Inactive
373,Christopher Moore,christopher.moore@gmail.com,0422 626912,3 Bryant Concourse,East Juliechester,Western Australia,2655,1994-08-20,"December 21, 2023",EXP
214,Shannon Massey,shannon.massey@gmail.com,0495 964342,Level 0 4 Nancy Quadrangle,Jennaton,Tasmania,2981,28/08/1997,"February 06, 2023",Active
159,Shannon Edwards,,,3 Lopez Expressway,North Stacybury,Queensland,2997,30/05/1977,2021-05-19,EXP
32,James Patel,james.patel@gmail.com,,Level 6 0 David Triangle,New Robert,Tasmania,2689,"January 19, 2005",2024-02-13,inactive
292,Annette Lang,,,60 May Steps,Gonzalezbury,South Australia,2646,1976-11-06,"February 08, 2026",1
485,Sharon Jones,sharon.jones@gmail.com,0451 583005,7/01 Alicia Brow,Mortonfurt,Northern Territory,2619,1985-12-27,18/04/2024,Expired
456,Heather Johnson,heather.johnson@gmail.com,(04) 5873-2817,595/550 Samuel Colonnade,East Kevinborough,Northern Territory,2619,"April 26, 1996","September 08, 2021",Active
421,Sean Hernandez,sean.hernandez@gmail.com,0467 263897,Apt. 859 3 Gonzalez Grove,St. Ashley,South Australia,2979,1995-05-28,2021-11-02,Expired
401,Victoria Hunt,victoria.hunt@gmail.com,+61 467424330,Level 5 391 Yoder Ridgeway,New Nicole,Tasmania,2080,"August 02, 1966","August 24, 2024",Expired
151,Samuel Friedman,samuel.friedman@gmail.com,+61 436176187,761/759 Martinez Tollway,Mitchellport,South Australia,2685,1981-04-23,2023-04-12,inactive
350,Rachel Thornton,,+61 453048905,2 Beth Wynd,Meaganfurt,Western Australia,2665,28/09/1961,"September 22, 2024",active
94,Dan Roberson,dan.roberson@gmail.com,(04) 2450-1294,1 Sierra Plaza,Port Debrachester,New South Wales,0852,"May 22, 1997",20/01/2026,expired
484,Marie Flowers,marie.flowers@gmail.com,(04) 2600-5277,8 Jones Centreway,Port Shannonside,Western Australia,2659,1987-03-27,22/11/2023,1
135,Eric Nelson,eric.nelson@gmail.com,+61 463117358,690 Bowman Upper,Collinsmouth,Western Australia,7413,1968-05-11,"June 03, 2023",Expired
368,James Santos,,0433013599,35/100 Kelly Estate,St. Matthew,Tasmania,2090,1998-11-27,2022-11-12,0
283,Claire Kim,claire.kim@gmail.com,(04) 0295-8245,1 Whitney Bend,Brandonmouth,Tasmania,2619,03/10/1986,08/01/2025,expired
54,Matthew Rios,matthew.rios@gmail.com,(04) 3542-3123,8/450 Valerie Causeway,Lake Jonathan,Tasmania,2922,28/05/1960,"May 02, 2022",Yes
394,Karen Jones,,+61 430334971,Flat 46 81 Price Artery,Christinamouth,Tasmania,8022,1973-11-10,25/01/2025,1
305,Mary Williamson,mary.williamson@gmail.com,(04) 7777-1922,325 Hernandez Riviera,Cruzside,Queensland,2886,"August 23, 2001",2023-02-18,N
430,Brett Hughes,brett.hughes@gmail.com,,20 Julie Mall,Katherineshire,Queensland,2699,"August 01, 1966",18/03/2022,No
170,Mr. Casey Jones,mr..casey.jones@gmail.com,+61 403982427,Unit 11 4 Sabrina Terrace,Michaelstad,Northern Territory,2652,"April 01, 1981",07/12/2023,EXP
60,Lance Thomas,lance.thomas@gmail.com,0447294710,8 Griffin Subway,South Connorland,Victoria,2901,12/09/2004,"September 13, 2021",Expired
179,Zachary Brown,,0437057077,12 Chan Highway,St. Christopherbury,New South Wales,2329,1970-11-28,"June 29, 2022",EXP
372,Patricia Cooper,,,59 Burns End,South Kendraland,New South Wales,2440,1961-11-17,"November 20, 2024",EXP
40,John Allen,john.allen@gmail.com,+61 410218773,3/653 Townsend Track,New Matthew,Tasmania,2607,04/01/1978,"September 21, 2024",1
139,Richard Pacheco,richard.pacheco@gmail.com,,2 Johnson Reserve,Royburgh,Queensland,2671,31/08/1962,01/08/2023,Yes
23,Anthony Briggs,anthony.briggs@gmail.com,,20 Diane Gully,Stevenburgh,Queensland,2122,15/10/1995,2025-06-24,Inactive
154,David Simmons,david.simmons@gmail.com,(04) 4837-2648,Flat 54 24 Gilmore Key,Port Johnborough,New South Wales,4539,"November 06, 1990","July 10, 2023",ACTIVE
33,James Taylor,james.taylor@gmail.com,0465 456734,Unit 95 765 Pamela Court,South Bradleyshire,Australian Capital Territory,2920,1994-02-09,2024-03-09,1
312,Karen Jones,karen.jones@gmail.com,0475184148,Unit 94 313 Tony Grove,Cynthiastad,Tasmania,2851,"April 22, 1978",2025-08-30,inactive
472,Yolanda Schmitt,yolanda.schmitt@gmail.com,0478 361332,150 Esparza Gardens,East Victor,Western Australia,2616,27/07/2003,01/11/2022,inactive
134,Seth Rivas,seth.rivas@gmail.com,+61 487828741,Apt. 695 030 Singh Boulevard,North Jenniferport,Australian Capital Territory,2989,2001-11-21,31/08/2023,Expired
476,Gregory Weber,gregory.weber@gmail.com,(04) 9278-8067,Flat 51 2 Shaw Frontage,North Staceyhaven,South Australia,2678,1979-07-03,"October 12, 2023",EXP
16,Kevin Nixon,kevin.nixon@gmail.com,(04) 7804-8801,Suite 899 872 Sonya Rest,Hernandezmouth,Australian Capital Territory,3492,26/12/1983,2025-09-16,Inactive
143,Kenneth Simmons,kenneth.simmons@gmail.com,,Suite 720 276 Samantha Pathway,Batesberg,Victoria,2695,1998-03-24,18/01/2023,Inactive
203,Caitlin Grant,caitlin.grant@gmail.com,+61 439573133,732 Ryan Subway,Christinaside,Northern Territory,2643,1983-03-03,"March 23, 2025",Active
317,April Wood,april.wood@gmail.com,0464632594,125/104 Valerie Entrance,East Ryan,Northern Territory,2685,"June 14, 1992",01/03/2025,Y
56,Carolyn Ibarra,carolyn.ibarra@gmail.com,+61 415291218,36 Ethan Thoroughfare,Penabury,New South Wales,2343,23/01/2006,2025-10-05,Yes
125,Nathan Donovan,nathan.donovan@gmail.com,0491949931,900 Crane Junction,Lake Melanieberg,New South Wales,2990,"October 30, 1983",2024-01-29,expired
58,Dr. Katie Joseph DDS,dr..katie.joseph.dds@gmail.com,+61 405382325,53 Joshua Piazza,North Charlestown,South Australia,2647,02/07/1979,18/11/2024,0
155,Daniel Wu,daniel.wu@gmail.com,+61 447937167,496 Patrick Court,West Tracystad,Western Australia,8882,"December 18, 1964",2022-04-11,active
352,Andre Williams,andre.williams@gmail.com,(04) 9952-0439,63 Henderson Wade,Thomasmouth,Victoria,4268,26/06/1993,"May 31, 2025",N
22,Elizabeth Henderson,elizabeth.henderson@gmail.com,,49 Merritt Trailer,Lake Kaitlynfort,Western Australia,8105,"January 17, 1995",14/08/2023,1
325,Rebecca Lopez,rebecca.lopez@gmail.com,,138 Bryan Ramp,Beckerport,South Australia,2614,02/11/1994,29/03/2022,EXP
67,Amanda Shelton,amanda.shelton@gmail.com,(04) 7384-0013,7 Amanda Footway,West Benjamin,Victoria,2675,18/08/1980,2025-08-18,1
80,Melanie Macias,melanie.macias@gmail.com,(04) 1178-2863,63 Gerald Path,Robertmouth,Queensland,2672,1990-05-18,28/07/2023,Inactive
27,Robert Anderson,robert.anderson@gmail.com,0471839112,532 Blake Garden,Port Nicholasland,Western Australia,2961,"March 18, 1969",29/03/2023,Inactive
287,Katelyn Vargas,katelyn.vargas@gmail.com,,878/19 Justin Roads,New Katherine,New South Wales,2686,"October 03, 1996","July 26, 2023",EXP
348,Charles Khan,charles.khan@gmail.com,0464 634306,9 King Driveway,Jacksonport,New South Wales,2977,"June 28, 1996","June 16, 2024",active
249,Michael Goodman,michael.goodman@gmail.com,0406433521,985 William Frontage,North Melissa,Victoria,0918,28/11/1995,2022-10-04,Yes
413,Matthew Payne,matthew.payne@gmail.com,+61 428018926,Suite 578 82 Lisa Towers,Lake Crystal,New South Wales,0860,05/07/1999,2025-05-10,EXP
262,Cathy Hunter,cathy.hunter@gmail.com,,417 Barrett Circle,West Ruthmouth,Northern Territory,2621,1969-12-29,10/01/2024,1
360,Clifford Baker,clifford.baker@gmail.com,0409 288980,199 Katherine Gap,West Christopher,Northern Territory,2668,1971-01-13,"August 16, 2023",active
186,Adam Vargas,adam.vargas@gmail.com,+61 456790346,88 Kevin Parklands,Lake Davidshire,Queensland,2631,09/02/1987,2021-12-12,active
408,Zachary Jensen,zachary.jensen@gmail.com,0419105864,00/38 Moore Riviera,Christieborough,Northern Territory,2527,12/09/1972,"October 19, 2025",Inactive
133,Annette Davis,,0444 260647,83/1 Thomas Ramble,North Jessestad,South Australia,2680,15/05/1975,2022-08-04,active
226,Andrew Jones,andrew.jones@gmail.com,0445058076,Flat 80 9 Ferguson Trailer,New Michaelland,Australian Capital Territory,2920,15/11/1983,"July 05, 2021",Inactive
454,Elizabeth Obrien,elizabeth.obrien@gmail.com,0478 354693,0 Julian Gap,Port Robert,Queensland,0957,2000-02-17,20/08/2022,Yes
412,Dr. Jason Harding,dr..jason.harding@gmail.com,(04) 8665-3187,85 Watkins State Highway,New Randyland,Northern Territory,2723,"April 15, 1969","March 15, 2022",0
404,Allen Ellison,allen.ellison@gmail.com,+61 460299082,Apt. 666 93 Cardenas Strand,Whitestad,Australian Capital Territory,2625,1984-03-29,07/09/2021,Y
177,Brooke Buchanan,brooke.buchanan@gmail.com,(04) 8247-7334,Apt. 333 746 Calderon Arcade,Sarahbury,Victoria,2938,1975-02-07,"August 28, 2024",ACTIVE
39,Alexandra Morrison,alexandra.morrison@gmail.com,+61 471952782,65 Allen Path,Bakerbury,New South Wales,2909,"December 20, 1974",2022-09-07,N
420,Thomas Clark,thomas.clark@gmail.com,0457120668,695 Bauer Slope,St. Georgeberg,Australian Capital Territory,2407,31/01/1971,15/07/2025,Inactive
68,Phillip Winters,phillip.winters@gmail.com,0470491147,587 Sarah Ride,Port Joy,South Australia,0994,"December 23, 1994",12/08/2021,Inactive
158,Adam Davila,adam.davila@gmail.com,(04) 9688-8791,226/62 Wood Tor,Claudiaberg,Northern Territory,2690,1984-07-26,12/07/2025,N
228,Ronald Gregory,ronald.gregory@gmail.com,0497014013,26 Flores Gap,North Mary,South Australia,7350,"February 01, 1994","December 17, 2025",inactive
285,Steven Williams,steven.williams@gmail.com,(04) 4362-3129,6 Brian Gardens,Erikaside,Victoria,2972,"October 13, 1995",09/11/2021,expired
38,Michael Salas,michael.salas@gmail.com,0496780472,94/46 Jessica Viaduct,East Andrewmouth,New South Wales,2901,1984-12-29,06/06/2023,Expired
30,Dr. Kyle Huang,dr..kyle.huang@gmail.com,(04) 5046-5912,Unit 28 94 Chen Edge,West Jillian,New South Wales,2058,23/10/1968,30/09/2024,ACTIVE
278,Jacob Murray,jacob.murray@gmail.com,+61 480114314,670/6 Lewis Underpass,Frankview,New South Wales,2999,2000-01-26,10/12/2024,Inactive
498,Lisa Smith,lisa.smith@gmail.com,+61 446965982,691/79 Aaron Brace,St. Angela,New South Wales,1662,"November 19, 1966","June 10, 2024",Y
427,Anna Robinson,anna.robinson@gmail.com,+61 457995693,776 Jeffery Ride,West Ian,South Australia,2423,1977-11-19,"August 30, 2024",Y
490,Donald Harper,donald.harper@gmail.com,0474556440,568 Davis Retreat,St. Julie,Tasmania,2655,1991-04-21,15/04/2023,0
3,Timothy Odonnell,timothy.odonnell@gmail.com,+61 457295882,22 Morales Towers,Parkerstad,Queensland,2901,13/12/1992,2021-12-15,Expired
418,Jacqueline Johnson,jacqueline.johnson@gmail.com,+61 420114828,02/25 Robertson Gardens,Lake Kevin,Northern Territory,2949,"March 27, 1990","November 14, 2023",No
466,Erik Benson,erik.benson@gmail.com,0429 083480,8 Frost Ring,North Nicole,Australian Capital Territory,2771,"March 11, 2008",2024-05-30,No
124,Randy Martin,randy.martin@gmail.com,(04) 4915-2872,Level 6 1 Terrell Quadrant,Danielleland,Victoria,2914,14/10/2007,2022-04-09,Inactive
118,Mrs. Laura Diaz MD,mrs..laura.diaz.md@gmail.com,+61 444095156,765 Flynn Crest,Scottchester,Queensland,4461,05/02/1995,07/12/2024,ACTIVE
160,Clifford Rangel,clifford.rangel@gmail.com,+61 413682775,586 Cynthia Plaza,East Daniel,Australian Capital Territory,2604,26/03/1979,"December 20, 2024",Expired
422,Maria Davis,maria.davis@gmail.com,(04) 0759-9792,242/342 Preston Riverway,Rachelburgh,Australian Capital Territory,6379,1968-05-05,2025-04-22,expired
288,Timothy Cohen,timothy.cohen@gmail.com,0481698259,91 Hannah End,Port Robertshire,Victoria,2775,04/03/1977,21/06/2024,Y
271,Zachary Keith,zachary.keith@gmail.com,0438 919196,417 Burton Green,St. Jeremyfurt,Victoria,2920,"April 22, 1981",10/07/2024,EXP
482,Elizabeth Fleming,elizabeth.fleming@gmail.com,+61 488907799,Flat 41 361 Brock Front,Christopherhaven,Victoria,2208,30/05/1963,"February 01, 2022",Expired
359,Mary Meyers,mary.meyers@gmail.com,0416 710143,690 Stephens Colonnade,Lindsayport,Tasmania,2605,"May 15, 1976",2022-03-09,ACTIVE
18,Nicole Shannon,nicole.shannon@gmail.com,0475792994,Apt. 267 28 Dean Edge,Port Robertborough,Queensland,2978,"February 23, 1965",28/03/2022,0
501,JIM GARZA,jim.garza@gmail.com,(04) 9836-2523,7 Angela Reserve,Acostashire,Queensland,2260,1987-01-03,28/05/2025,0
502,SUSAN INGRAM,susan.ingram@gmail.com,(04) 7649-1746,581 Joshua Route,Brandonton,Queensland,2609,06/01/1961,"August 07, 2022",No
503,ROBERT NAVARRO,robert.navarro@gmail.com,0424108380,Level 1 260 Chapman Ground,New Natalie,South Australia,3571,20/06/1980,"July 09, 2023",active
504,THOMAS JOHNSON,thomas.johnson@gmail.com,0437 683345,160 Murphy Tor,Beckberg,Northern Territory,2618,20/02/1998,27/08/2022,EXP
505,MELVIN FREEMAN JR.,melvin.freeman.jr.@gmail.com,0406 437050,68 Jorge Colonnade,Boyleshire,Northern Territory,2699,"August 24, 1966",2026-01-09,1
506,THERESA BRADSHAW,theresa.bradshaw@gmail.com,0414 498238,81 Lambert Street,Acostamouth,Western Australia,2952,"February 02, 1995","April 01, 2025",Active
507,JOHN HATFIELD,john.hatfield@gmail.com,,Apt. 029 0 Cummings Boulevard,Sarahview,South Australia,2691,"April 04, 1962",2022-07-10,expired
508,HEATHER CASEY,heather.casey@gmail.com,0415 516911,2/00 Lori Access,Lake Coreyhaven,Victoria,2619,11/09/1998,"August 30, 2024",Expired
509,ADAM ROMERO,,0440 916002,86/421 Smith Cove,Franklinville,Western Australia,2660,14/04/1987,12/03/2023,Yes
510,CAITLIN GRANT,caitlin.grant@gmail.com,+61 439573133,732 Ryan Subway,Christinaside,Northern Territory,2643,1983-03-03,"March 23, 2025",Active
511,KIMBERLY LOPEZ,kimberly.lopez@gmail.com,+61 426721906,271 Wheeler Little,Lunaland,Victoria,2058,24/10/1991,2025-10-12,1
512,JILL HESTER,jill.hester@gmail.com,0416 603541,93 Shawn Circle,Port Amandashire,Northern Territory,2649,30/05/1998,17/04/2023,Active
513,LISA ROBERTS,lisa.roberts@gmail.com,+61 478390667,343 Green Motorway,Jameschester,New South Wales,2900,"November 14, 1999","September 08, 2021",EXP
514,DAVID SNOW,david.snow@gmail.com,(04) 8364-3103,4/2 Huff Roads,North Tyler,South Australia,8823,1982-09-06,2026-01-02,Y
515,MICHAEL JIMENEZ,,+61 432921488,Unit 39 266 Mejia Place,North Jessicafort,Australian Capital Territory,2745,02/03/1988,22/10/2022,N
